Input file,Event Number,Species Code,Call,Start time,End time,Parameter 1,Parameter 2,Parameter 3,Parameter 4,Parameter 5,Parameter 6,Comments,Image,Audio,date,lat,lon,DayNight
E:\2020RabbitIsland_SoundTrapData\ST008_5641\ST008_5641_LTSA_wav\20200722\20200722_095947.wav,2/14/23 10:43,HMS,Unknown,7/22/2020 11:18:52.7,7/22/2020 11:18:54.2,NA,NA,NA,NA,NA,NA,author start of going through all data,NA,NA,2020-07-22,21.32505,-157.6604,Day
E:\2020RabbitIsland_SoundTrapData\ST008_5641\ST008_5641_LTSA_wav\20200722\20200722_125946.wav,2/14/23 10:52,HMS,Growl,7/22/2020 15:40:20.9,7/22/2020 15:40:25.3,1,NA,NA,NA,NA,NA,NA,NA,NA,2020-07-22,21.32505,-157.6604,Day
E:\2020RabbitIsland_SoundTrapData\ST008_5641\ST008_5641_LTSA_wav\20200722\20200722_125946.wav,2/14/23 10:52,HMS,Growl,7/22/2020 15:40:26.1,7/22/2020 15:40:29.8,1,NA,NA,NA,NA,NA,NA,NA,NA,2020-07-22,21.32505,-157.6604,Day
E:\2020RabbitIsland_SoundTrapData\ST008_5641\ST008_5641_LTSA_wav\20200722\20200722_125946.wav,2/14/23 10:52,HMS,Croak,7/22/2020 15:40:32.7,7/22/2020 15:40:33.0,1,NA,NA,NA,NA,NA,NA,NA,NA,2020-07-22,21.32505,-157.6604,Day
E:\2020RabbitIsland_SoundTrapData\ST008_5641\ST008_5641_LTSA_wav\20200722\20200722_125946.wav,2/14/23 10:53,HMS,Growl,7/22/2020 15:40:36.1,7/22/2020 15:40:37.2,1,NA,NA,NA,NA,NA,NA,NA,NA,2020-07-22,21.32505,-157.6604,Day
E:\2020RabbitIsland_SoundTrapData\ST008_5641\ST008_5641_LTSA_wav\20200722\20200722_125946.wav,2/14/23 10:53,HMS,Growl,7/22/2020 15:40:39.3,7/22/2020 15:40:42.2,1,NA,NA,NA,NA,NA,NA,NA,NA,2020-07-22,21.32505,-157.6604,Day
E:\2020RabbitIsland_SoundTrapData\ST008_5641\ST008_5641_LTSA_wav\20200722\20200722_125946.wav,2/14/23 10:53,HMS,Whoop,7/22/2020 15:40:43.1,7/22/2020 15:40:43.1,1,2,NA,NA,NA,NA,NA,NA,NA,2020-07-22,21.32505,-157.6604,Day
G:\2020RabbitIsland_SoundTrapData\ST008_5641\ST008_5641_LTSA_wav\20200722\20200722_214304.wav,2/15/23 11:44,Anthro,Airplane,7/22/2020 23:31:55.5,7/22/2020 23:32:05.0,NA,NA,NA,NA,NA,NA,NA,NA,NA,2020-07-22,21.32505,-157.6604,Night
G:\2020RabbitIsland_SoundTrapData\ST008_5641\ST008_5641_LTSA_wav\20200722\20200722_214304.wav,2/15/23 11:46,HMS,Unknown,7/23/2020 0:29:01.5,7/23/2020 0:29:02.8,NA,NA,NA,NA,NA,NA,No HMS vocalizations 7/22/2020,NA,NA,2020-07-23,21.32505,-157.6604,Night
G:\2020RabbitIsland_SoundTrapData\ST008_5641\ST008_5641_LTSA_wav\20200723\20200723_031526.wav,2/15/23 11:54,Anthro,Airplane,7/23/2020 5:25:24.7,7/23/2020 5:25:32.6,NA,NA,NA,NA,NA,NA,NA,NA,NA,2020-07-23,21.32505,-157.6604,Night
G:\2020RabbitIsland_SoundTrapData\ST008_5641\ST008_5641_LTSA_wav\20200723\20200723_232837.wav,2/15/23 13:07,HMS,Unknown,7/24/2020 2:12:35.0,7/24/2020 2:12:36.3,NA,NA,NA,NA,NA,NA,No HMS vocalizations 7/23/2020,NA,NA,2020-07-24,21.32505,-157.6604,Night
G:\2020RabbitIsland_SoundTrapData\ST008_5641\ST008_5641_LTSA_wav\20200724\20200724_050147.wav,2/15/23 13:15,Anthro,Airplane,7/24/2020 7:19:42.0,7/24/2020 7:19:50.0,NA,NA,NA,NA,NA,NA,propeller?,NA,NA,2020-07-24,21.32505,-157.6604,Day
G:\2020RabbitIsland_SoundTrapData\ST008_5641\ST008_5641_LTSA_wav\20200724\20200724_105222.wav,2/15/23 13:21,Anthro,Airplane,7/24/2020 11:02:47.6,7/24/2020 11:02:55.6,NA,NA,NA,NA,NA,NA,NA,NA,NA,2020-07-24,21.32505,-157.6604,Day
G:\2020RabbitIsland_SoundTrapData\ST008_5641\ST008_5641_LTSA_wav\20200724\20200724_135221.wav,2/15/23 13:30,Anthro,Airplane,7/24/2020 16:47:45.4,7/24/2020 16:48:00.6,NA,NA,NA,NA,NA,NA,propeller?,NA,NA,2020-07-24,21.32505,-157.6604,Day
G:\2020RabbitIsland_SoundTrapData\ST008_5641\ST008_5641_LTSA_wav\20200724\20200724_194414.wav,2/15/23 13:37,Anthro,Airplane,7/24/2020 20:47:48.2,7/24/2020 20:48:03.5,NA,NA,NA,NA,NA,NA,propeller?,NA,NA,2020-07-24,21.32505,-157.6604,Night
G:\2020RabbitIsland_SoundTrapData\ST008_5641\ST008_5641_LTSA_wav\20200724\20200724_222912.wav,2/15/23 13:44,HMS,Unknown,7/25/2020 1:14:09.0,7/25/2020 1:14:11.5,NA,NA,NA,NA,NA,NA,No HMS vocalizations 7/24/2020,NA,NA,2020-07-25,21.32505,-157.6604,Night
G:\2020RabbitIsland_SoundTrapData\ST008_5641\ST008_5641_LTSA_wav\20200725\20200725_212823.wav,2/15/23 14:24,HMS,Unknown,7/26/2020 0:13:20.1,7/26/2020 0:13:20.9,NA,NA,NA,NA,NA,NA,No HMS vocalizations 07/25/2020,NA,NA,2020-07-26,21.32505,-157.6604,Night
G:\2020RabbitIsland_SoundTrapData\ST008_5641\ST008_5641_LTSA_wav\20200726\20200726_232215.wav,2/21/23 10:02,HMS,Unknown,7/27/2020 2:12:12.6,7/27/2020 2:12:13.6,NA,NA,NA,NA,NA,NA,No HMS vocalizations 7/26/2020,NA,NA,2020-07-27,21.32505,-157.6604,Night
G:\2020RabbitIsland_SoundTrapData\ST008_5641\ST008_5641_LTSA_wav\20200727\20200727_165532.wav,2/21/23 10:33,Anthro,Airplane,7/27/2020 17:52:32.6,7/27/2020 17:52:39.9,NA,NA,NA,NA,NA,NA,propeller?,NA,NA,2020-07-27,21.32505,-157.6604,Day
G:\2020RabbitIsland_SoundTrapData\ST008_5641\ST008_5641_LTSA_wav\20200727\20200727_223619.wav,2/21/23 10:53,HMS,Unknown,7/28/2020 1:22:17.3,7/28/2020 1:22:18.0,NA,NA,NA,NA,NA,NA,No HMS vocalizations 7/27/2020,NA,NA,2020-07-28,21.32505,-157.6604,Night
G:\2020RabbitIsland_SoundTrapData\ST008_5641\ST008_5641_LTSA_wav\20200728\20200728_214332.wav,2/22/23 8:09,HMS,Unknown,7/29/2020 0:29:46.9,7/29/2020 0:29:48.6,NA,NA,NA,NA,NA,NA,No HMS vocalizations 7/28/2020,NA,NA,2020-07-29,21.32505,-157.6604,Night
G:\2020RabbitIsland_SoundTrapData\ST008_5641\ST008_5641_LTSA_wav\20200729\20200729_060519.wav,2/22/23 8:20,Anthro,Airplane,7/29/2020 7:02:40.3,7/29/2020 7:02:48.7,NA,NA,NA,NA,NA,NA,NA,NA,NA,2020-07-29,21.32505,-157.6604,Day
G:\2020RabbitIsland_SoundTrapData\ST008_5641\ST008_5641_LTSA_wav\20200729\20200729_180125.wav,2/22/23 8:40,HMS,Growl,7/29/2020 18:30:01.1,7/29/2020 18:30:05.7,1,NA,NA,NA,NA,NA,NA,NA,NA,2020-07-29,21.32505,-157.6604,Day
G:\2020RabbitIsland_SoundTrapData\ST008_5641\ST008_5641_LTSA_wav\20200729\20200729_180125.wav,2/22/23 8:40,HMS,Whoop,7/29/2020 18:30:07.0,7/29/2020 18:30:07.1,1,1,NA,NA,NA,NA,NA,NA,NA,2020-07-29,21.32505,-157.6604,Day
G:\2020RabbitIsland_SoundTrapData\ST008_5641\ST008_5641_LTSA_wav\20200729\20200729_180125.wav,2/22/23 8:41,HMS,Croak,7/29/2020 18:30:08.4,7/29/2020 18:30:08.8,1,NA,NA,NA,NA,NA,NA,NA,NA,2020-07-29,21.32505,-157.6604,Day
G:\2020RabbitIsland_SoundTrapData\ST008_5641\ST008_5641_LTSA_wav\20200729\20200729_180125.wav,2/22/23 8:41,HMS,Growl,7/29/2020 18:30:10.1,7/29/2020 18:30:13.3,1,NA,NA,NA,NA,NA,NA,NA,NA,2020-07-29,21.32505,-157.6604,Day
G:\2020RabbitIsland_SoundTrapData\ST008_5641\ST008_5641_LTSA_wav\20200729\20200729_180125.wav,2/22/23 8:41,HMS,Growl,7/29/2020 18:30:15.7,7/29/2020 18:30:16.2,1,NA,NA,NA,NA,NA,NA,NA,NA,2020-07-29,21.32505,-157.6604,Day
G:\2020RabbitIsland_SoundTrapData\ST008_5641\ST008_5641_LTSA_wav\20200729\20200729_180125.wav,2/22/23 8:42,HMS,Whoop,7/29/2020 18:30:18.2,7/29/2020 18:30:18.3,1,1,NA,NA,NA,NA,NA,NA,NA,2020-07-29,21.32505,-157.6604,Day
G:\2020RabbitIsland_SoundTrapData\ST008_5641\ST008_5641_LTSA_wav\20200729\20200729_180125.wav,2/22/23 8:44,HMS,Growl,7/29/2020 18:32:03.7,7/29/2020 18:32:07.1,1,NA,NA,NA,NA,NA,NA,NA,NA,2020-07-29,21.32505,-157.6604,Day
G:\2020RabbitIsland_SoundTrapData\ST008_5641\ST008_5641_LTSA_wav\20200729\20200729_180125.wav,2/22/23 8:44,HMS,Croak,7/29/2020 18:32:08.1,7/29/2020 18:32:08.3,2,NA,NA,NA,NA,NA,NA,NA,NA,2020-07-29,21.32505,-157.6604,Day
G:\2020RabbitIsland_SoundTrapData\ST008_5641\ST008_5641_LTSA_wav\20200729\20200729_180125.wav,2/22/23 8:44,HMS,Growl,7/29/2020 18:32:12.9,7/29/2020 18:32:13.2,2,NA,NA,NA,NA,NA,NA,NA,NA,2020-07-29,21.32505,-157.6604,Day
G:\2020RabbitIsland_SoundTrapData\ST008_5641\ST008_5641_LTSA_wav\20200729\20200729_180125.wav,2/22/23 8:44,HMS,Growl,7/29/2020 18:32:14.4,7/29/2020 18:32:16.1,2,NA,NA,NA,NA,NA,NA,NA,NA,2020-07-29,21.32505,-157.6604,Day
G:\2020RabbitIsland_SoundTrapData\ST008_5641\ST008_5641_LTSA_wav\20200729\20200729_180125.wav,2/22/23 8:44,HMS,Growl,7/29/2020 18:32:17.2,7/29/2020 18:32:19.7,1,NA,NA,NA,NA,NA,NA,NA,NA,2020-07-29,21.32505,-157.6604,Day
G:\2020RabbitIsland_SoundTrapData\ST008_5641\ST008_5641_LTSA_wav\20200729\20200729_180125.wav,2/22/23 8:45,HMS,Whoop,7/29/2020 18:32:20.1,7/29/2020 18:32:20.2,1,1,NA,NA,NA,NA,NA,NA,NA,2020-07-29,21.32505,-157.6604,Day
G:\2020RabbitIsland_SoundTrapData\ST008_5641\ST008_5641_LTSA_wav\20200729\20200729_204827.wav,2/22/23 8:53,Anthro,Airplane,7/29/2020 23:07:35.0,7/29/2020 23:07:57.5,NA,NA,NA,NA,NA,NA,propeller?,NA,NA,2020-07-29,21.32505,-157.6604,Night
G:\2020RabbitIsland_SoundTrapData\ST008_5641\ST008_5641_LTSA_wav\20200730\20200730_195134.wav,2/22/23 9:35,Anthro,Airplane,7/30/2020 20:08:22.3,7/30/2020 20:08:36.8,NA,NA,NA,NA,NA,NA,propeller,NA,NA,2020-07-30,21.32505,-157.6604,Night
G:\2020RabbitIsland_SoundTrapData\ST008_5641\ST008_5641_LTSA_wav\20200730\20200730_223829.wav,2/22/23 9:44,HMS,Unknown,7/31/2020 1:25:25.6,7/31/2020 1:25:26.6,NA,NA,NA,NA,NA,NA,No HMS vocalizations 7/30/2020,NA,NA,2020-07-31,21.32505,-157.6604,Night
G:\2020RabbitIsland_SoundTrapData\ST008_5641\ST008_5641_LTSA_wav\20200731\20200731_100310.wav,2/22/23 10:18,Anthro,Airplane,7/31/2020 10:44:24.3,7/31/2020 10:44:39.4,NA,NA,NA,NA,NA,NA,propeller?,NA,NA,2020-07-31,21.32505,-157.6604,Day
G:\2020RabbitIsland_SoundTrapData\ST008_5641\ST008_5641_LTSA_wav\20200731\20200731_214620.wav,2/22/23 10:39,HMS,Unknown,8/1/2020 0:34:16.7,8/1/2020 0:34:18.1,NA,NA,NA,NA,NA,NA,No HMS vocalizations 7/31/2020,NA,NA,2020-08-01,21.32505,-157.6604,Night
G:\2020RabbitIsland_SoundTrapData\ST008_5641\ST008_5641_LTSA_wav\20200801\20200801_061037.wav,2/22/23 10:59,Anthro,Airplane,8/1/2020 7:46:15.8,8/1/2020 7:46:28.3,NA,NA,NA,NA,NA,NA,Propeller?,NA,NA,2020-08-01,21.32505,-157.6604,Day
G:\2020RabbitIsland_SoundTrapData\ST008_5641\ST008_5641_LTSA_wav\20200801\20200801_061037.wav,2/22/23 10:59,Anthro,Airplane,8/1/2020 7:58:22.5,8/1/2020 7:58:35.0,NA,NA,NA,NA,NA,NA,propeller?,NA,NA,2020-08-01,21.32505,-157.6604,Day
G:\2020RabbitIsland_SoundTrapData\ST008_5641\ST008_5641_LTSA_wav\20200801\20200801_150739.wav,2/27/23 8:10,Anthro,Airplane,8/1/2020 16:00:00.5,8/1/2020 16:00:09.3,NA,NA,NA,NA,NA,NA,propeller?,NA,NA,2020-08-01,21.32505,-157.6604,Day
G:\2020RabbitIsland_SoundTrapData\ST008_5641\ST008_5641_LTSA_wav\20200801\20200801_150739.wav,2/27/23 8:13,Anthro,Airplane,8/1/2020 17:39:43.9,8/1/2020 17:39:55.7,NA,NA,NA,NA,NA,NA,propeller?,NA,NA,2020-08-01,21.32505,-157.6604,Day
G:\2020RabbitIsland_SoundTrapData\ST008_5641\ST008_5641_LTSA_wav\20200801\20200801_234107.wav,2/27/23 8:33,HMS,Unknown,8/2/2020 2:29:04.8,8/2/2020 2:29:05.8,NA,NA,NA,NA,NA,NA,No HMS vocalizations 8/01/2020,NA,NA,2020-08-02,21.32505,-157.6604,Night
G:\2020RabbitIsland_SoundTrapData\ST008_5641\ST008_5641_LTSA_wav\20200802\20200802_080920.wav,2/27/23 9:44,Anthro,Airplane,8/2/2020 10:30:02.1,8/2/2020 10:30:12.2,NA,NA,NA,NA,NA,NA,propeller?,NA,NA,2020-08-02,21.32505,-157.6604,Day
G:\2020RabbitIsland_SoundTrapData\ST008_5641\ST008_5641_LTSA_wav\20200802\20200802_110919.wav,2/27/23 9:49,Anthro,Other,8/2/2020 12:19:14.4,8/2/2020 12:20:08.4,NA,NA,NA,NA,NA,NA,jetski?,NA,NA,2020-08-02,21.32505,-157.6604,Day
G:\2020RabbitIsland_SoundTrapData\ST008_5641\ST008_5641_LTSA_wav\20200802\20200802_224659.wav,2/27/23 10:14,HMS,Unknown,8/3/2020 1:35:56.5,8/3/2020 1:35:57.4,NA,NA,NA,NA,NA,NA,No HMS vocalizations 8/02/2020,NA,NA,2020-08-03,21.32505,-157.6604,Night
G:\2020RabbitIsland_SoundTrapData\ST008_5641\ST008_5641_LTSA_wav\20200803\20200803_215820.wav,2/27/23 11:06,HMS,Unknown,8/4/2020 0:45:16.8,8/4/2020 0:45:17.9,NA,NA,NA,NA,NA,NA,No HMS vocalization 8/03/2020,NA,NA,2020-08-04,21.32505,-157.6604,Night
G:\2020RabbitIsland_SoundTrapData\ST008_5641\ST008_5641_LTSA_wav\20200804\20200804_235522.wav,2/27/23 12:03,HMS,Unknown,8/5/2020 2:44:19.2,8/5/2020 2:44:20.5,NA,NA,NA,NA,NA,NA,No HMS vocalizations 8/04/2020,NA,NA,2020-08-05,21.32505,-157.6604,Night
G:\2020RabbitIsland_SoundTrapData\ST008_5641\ST008_5641_LTSA_wav\20200805\20200805_082815.wav,2/27/23 12:37,Anthro,Airplane,8/5/2020 10:17:35.8,8/5/2020 10:17:44.8,NA,NA,NA,NA,NA,NA,propeller?,NA,NA,2020-08-05,21.32505,-157.6604,Day
G:\2020RabbitIsland_SoundTrapData\ST008_5641\ST008_5641_LTSA_wav\20200805\20200805_230444.wav,2/27/23 13:06,HMS,Unknown,8/6/2020 1:54:41.1,8/6/2020 1:54:42.2,NA,NA,NA,NA,NA,NA,No HMS vocalizations 8/05/2020,NA,NA,2020-08-06,21.32505,-157.6604,Night
G:\2020RabbitIsland_SoundTrapData\ST008_5641\ST008_5641_LTSA_wav\20200806\20200806_221335.wav,2/27/23 14:01,HMS,Unknown,8/7/2020 0:59:30.5,8/7/2020 0:59:32.4,NA,NA,NA,NA,NA,NA,No HMS vocalizations 8/06/2020,NA,NA,2020-08-07,21.32505,-157.6604,Night
G:\2020RabbitIsland_SoundTrapData\ST008_5641\ST008_5641_LTSA_wav\20200807\20200807_093150.wav,2/27/23 14:34,Anthro,Airplane,8/7/2020 11:01:06.3,8/7/2020 11:01:14.3,NA,NA,NA,NA,NA,NA,propeller?,NA,NA,2020-08-07,21.32505,-157.6604,Day
G:\2020RabbitIsland_SoundTrapData\ST008_5641\ST008_5641_LTSA_wav\20200807\20200807_211602.wav,2/27/23 14:58,HMS,Unknown,8/8/2020 0:02:26.8,8/8/2020 0:02:27.5,NA,NA,NA,NA,NA,NA,No HMS vocalizations 8/07/2020,NA,NA,2020-08-08,21.32505,-157.6604,Night
G:\2020RabbitIsland_SoundTrapData\ST008_5641\ST008_5641_LTSA_wav\20200808\20200808_083157.wav,2/28/23 9:15,Anthro,Airplane,8/8/2020 10:47:26.0,8/8/2020 10:47:39.3,NA,NA,NA,NA,NA,NA,propeller?,NA,NA,2020-08-08,21.32505,-157.6604,Day
G:\2020RabbitIsland_SoundTrapData\ST008_5641\ST008_5641_LTSA_wav\20200808\20200808_230721.wav,2/28/23 9:41,HMS,Unknown,8/9/2020 1:55:18.5,8/9/2020 1:55:19.5,NA,NA,NA,NA,NA,NA,No HMS vocalizations 8/08/2020,NA,NA,2020-08-09,21.32505,-157.6604,Night
G:\2020RabbitIsland_SoundTrapData\ST008_5641\ST008_5641_LTSA_wav\20200809\20200809_103309.wav,2/28/23 9:58,Anthro,Airplane,8/9/2020 11:41:40.7,8/9/2020 11:41:53.5,NA,NA,NA,NA,NA,NA,propeller?,NA,NA,2020-08-09,21.32505,-157.6604,Day
G:\2020RabbitIsland_SoundTrapData\ST008_5641\ST008_5641_LTSA_wav\20200809\20200809_133308.wav,2/28/23 10:05,Anthro,Airplane,8/9/2020 16:01:02.0,8/9/2020 16:01:09.4,NA,NA,NA,NA,NA,NA,propeller?,NA,NA,2020-08-09,21.32505,-157.6604,Day
G:\2020RabbitIsland_SoundTrapData\ST008_5641\ST008_5641_LTSA_wav\20200809\20200809_163307.wav,2/28/23 10:14,Anthro,Airplane,8/9/2020 17:58:07.4,8/9/2020 17:58:33.3,NA,NA,NA,NA,NA,NA,propeller?,NA,NA,2020-08-09,21.32505,-157.6604,Day
G:\2020RabbitIsland_SoundTrapData\ST008_5641\ST008_5641_LTSA_wav\20200809\20200809_221239.wav,2/28/23 10:32,HMS,Unknown,8/10/2020 0:58:37.3,8/10/2020 0:58:38.3,NA,NA,NA,NA,NA,NA,No HMS vocalizations 8/09/2020,NA,NA,2020-08-10,21.32505,-157.6604,Night
G:\2020RabbitIsland_SoundTrapData\ST008_5641\ST008_5641_LTSA_wav\20200810\20200810_005912 - Copy.wav,2/28/23 10:48,HMS,Unknown,8/10/2020 1:12:34.8,8/10/2020 3:46:55.8,NA,NA,NA,NA,NA,NA,The hydraphone stopped recording?,NA,NA,2020-08-10,21.32505,-157.6604,Night
G:\2020RabbitIsland_SoundTrapData\ST008_5641\ST008_5641_LTSA_wav\20200810\20200810_093125.wav,2/28/23 13:48,Anthro,Airplane,8/10/2020 10:21:51.6,8/10/2020 10:21:59.9,NA,NA,NA,NA,NA,NA,NA,NA,NA,2020-08-10,21.32505,-157.6604,Day
G:\2020RabbitIsland_SoundTrapData\ST008_5641\ST008_5641_LTSA_wav\20200810\20200810_123124.wav,2/28/23 13:55,Anthro,Airplane,8/10/2020 13:18:58.6,8/10/2020 13:19:15.1,NA,NA,NA,NA,NA,NA,propeller?,NA,NA,2020-08-10,21.32505,-157.6604,Day
G:\2020RabbitIsland_SoundTrapData\ST008_5641\ST008_5641_LTSA_wav\20200810\20200810_182951 - Copy.wav,2/28/23 14:07,Anthro,Airplane,8/10/2020 18:32:19.5,8/10/2020 18:32:27.9,NA,NA,NA,NA,NA,NA,propeller?,NA,NA,2020-08-10,21.32505,-157.6604,Day
G:\2020RabbitIsland_SoundTrapData\ST008_5641\ST008_5641_LTSA_wav\20200810\20200810_211538.wav,2/28/23 14:19,HMS,Unknown,8/11/2020 0:00:59.6,8/11/2020 0:01:00.2,NA,NA,NA,NA,NA,NA,No HMS vocalizations 8/10/2020,NA,NA,2020-08-11,21.32505,-157.6604,Night
G:\2020RabbitIsland_SoundTrapData\ST008_5641\ST008_5641_LTSA_wav\20200811\20200811_142901.wav,2/28/23 15:08,Anthro,Airplane,8/11/2020 16:47:12.9,8/11/2020 16:47:23.7,NA,NA,NA,NA,NA,NA,propeller?,NA,NA,2020-08-11,21.32505,-157.6604,Day
G:\2020RabbitIsland_SoundTrapData\ST008_5641\ST008_5641_LTSA_wav\20200811\20200811_172900.wav,2/28/23 15:08,Anthro,Airplane,8/11/2020 17:41:08.0,8/11/2020 17:41:30.7,NA,NA,NA,NA,NA,NA,Propeller?,NA,NA,2020-08-11,21.32505,-157.6604,Day
G:\2020RabbitIsland_SoundTrapData\ST008_5641\ST008_5641_LTSA_wav\20200811\20200811_230242.wav,3/2/23 9:36,HMS,Unknown,8/12/2020 1:47:40.3,8/12/2020 1:47:41.1,NA,NA,NA,NA,NA,NA,No HMS vocalizations 8/11/2020,NA,NA,2020-08-12,21.32505,-157.6604,Night
G:\2020RabbitIsland_SoundTrapData\ST008_5641\ST008_5641_LTSA_wav\20200812\20200812_220151.wav,3/2/23 10:16,HMS,Unknown,8/13/2020 0:46:47.8,8/13/2020 0:46:50.8,NA,NA,NA,NA,NA,NA,No HMS voclizatiosn 8/12/2020,NA,NA,2020-08-13,21.32505,-157.6604,Night
G:\2020RabbitIsland_SoundTrapData\ST008_5641\ST008_5641_LTSA_wav\20200813\20200813_091440.wav,3/2/23 10:33,Anthro,Airplane,8/13/2020 11:09:48.1,8/13/2020 11:10:01.0,NA,NA,NA,NA,NA,NA,propeller?,NA,NA,2020-08-13,21.32505,-157.6604,Day
G:\2020RabbitIsland_SoundTrapData\ST008_5641\ST008_5641_LTSA_wav\20200813\20200813_234350.wav,3/2/23 11:01,HMS,Unknown,8/14/2020 2:28:48.2,8/14/2020 2:28:48.9,NA,NA,NA,NA,NA,NA,No HMS vocalizations 8/12/2020,NA,NA,2020-08-14,21.32505,-157.6604,Night
G:\2020RabbitIsland_SoundTrapData\ST008_5641\ST008_5641_LTSA_wav\20200814\20200814_051513.wav,3/2/23 11:07,Anthro,Airplane,8/14/2020 5:18:19.6,8/14/2020 5:18:27.7,NA,NA,NA,NA,NA,NA,maybe?,NA,NA,2020-08-14,21.32505,-157.6604,Night
G:\2020RabbitIsland_SoundTrapData\ST008_5641\ST008_5641_LTSA_wav\20200814\20200814_224014.wav,3/2/23 11:42,HMS,Unknown,8/15/2020 1:25:12.8,8/15/2020 1:25:13.4,NA,NA,NA,NA,NA,NA,No HMS vocalizations 8/14/2020,NA,NA,2020-08-15,21.32505,-157.6604,Night
G:\2020RabbitIsland_SoundTrapData\ST008_5641\ST008_5641_LTSA_wav\20200815\20200815_213815.wav,3/2/23 13:17,HMS,Unknown,8/16/2020 0:23:10.6,8/16/2020 0:23:11.4,NA,NA,NA,NA,NA,NA,No HMS vocalizations 8/15/2020,NA,NA,2020-08-16,21.32505,-157.6604,Night
G:\2020RabbitIsland_SoundTrapData\ST008_5641\ST008_5641_LTSA_wav\20200816\20200816_002331.wav,3/2/23 13:20,Anthro,Airplane,8/16/2020 1:43:44.4,8/16/2020 1:43:52.4,NA,NA,NA,NA,NA,NA,NA,NA,NA,2020-08-16,21.32505,-157.6604,Night
G:\2020RabbitIsland_SoundTrapData\ST008_5641\ST008_5641_LTSA_wav\20200816\20200816_030942.wav,3/2/23 13:27,HMS,Growl,8/16/2020 4:30:08.6,8/16/2020 4:30:11.9,2,NA,NA,NA,NA,NA,NA,NA,NA,2020-08-16,21.32505,-157.6604,Night
G:\2020RabbitIsland_SoundTrapData\ST008_5641\ST008_5641_LTSA_wav\20200816\20200816_030942.wav,3/2/23 13:27,HMS,Whoop,8/16/2020 4:30:14.2,8/16/2020 4:30:14.4,2,1,NA,NA,NA,NA,NA,NA,NA,2020-08-16,21.32505,-157.6604,Night
G:\2020RabbitIsland_SoundTrapData\ST008_5641\ST008_5641_LTSA_wav\20200816\20200816_030942.wav,3/2/23 13:27,HMS,Croak,8/16/2020 4:30:15.1,8/16/2020 4:30:15.4,1,NA,NA,NA,NA,NA,NA,NA,NA,2020-08-16,21.32505,-157.6604,Night
G:\2020RabbitIsland_SoundTrapData\ST008_5641\ST008_5641_LTSA_wav\20200816\20200816_030942.wav,3/2/23 13:29,HMS,Growl,8/16/2020 4:33:31.3,8/16/2020 4:33:34.0,3,NA,NA,NA,NA,NA,NA,NA,NA,2020-08-16,21.32505,-157.6604,Night
G:\2020RabbitIsland_SoundTrapData\ST008_5641\ST008_5641_LTSA_wav\20200816\20200816_030942.wav,3/2/23 13:29,HMS,Growl,8/16/2020 4:33:34.9,8/16/2020 4:33:35.3,3,NA,NA,NA,NA,NA,NA,NA,NA,2020-08-16,21.32505,-157.6604,Night
G:\2020RabbitIsland_SoundTrapData\ST008_5641\ST008_5641_LTSA_wav\20200816\20200816_030942.wav,3/2/23 13:29,HMS,Growl,8/16/2020 4:33:37.0,8/16/2020 4:33:41.0,3,NA,NA,NA,NA,NA,NA,NA,NA,2020-08-16,21.32505,-157.6604,Night
G:\2020RabbitIsland_SoundTrapData\ST008_5641\ST008_5641_LTSA_wav\20200816\20200816_030942.wav,3/2/23 13:30,HMS,Whoop,8/16/2020 4:33:42.6,8/16/2020 4:33:43.6,3,3,NA,NA,NA,NA,NA,NA,NA,2020-08-16,21.32505,-157.6604,Night
G:\2020RabbitIsland_SoundTrapData\ST008_5641\ST008_5641_LTSA_wav\20200816\20200816_030942.wav,3/2/23 13:30,HMS,Growl,8/16/2020 4:33:43.8,8/16/2020 4:33:44.5,3,NA,NA,NA,NA,NA,NA,NA,NA,2020-08-16,21.32505,-157.6604,Night
G:\2020RabbitIsland_SoundTrapData\ST008_5641\ST008_5641_LTSA_wav\20200816\20200816_030942.wav,3/2/23 13:30,HMS,Croak,8/16/2020 4:33:44.9,8/16/2020 4:33:45.4,3,NA,NA,NA,NA,NA,NA,NA,NA,2020-08-16,21.32505,-157.6604,Night
G:\2020RabbitIsland_SoundTrapData\ST008_5641\ST008_5641_LTSA_wav\20200816\20200816_030942.wav,3/2/23 13:31,HMS,Growl,8/16/2020 4:33:48.1,8/16/2020 4:33:50.7,3,NA,NA,NA,NA,NA,NA,NA,NA,2020-08-16,21.32505,-157.6604,Night
G:\2020RabbitIsland_SoundTrapData\ST008_5641\ST008_5641_LTSA_wav\20200816\20200816_144821.wav,3/2/23 13:59,Anthro,Airplane,8/16/2020 15:38:45.2,8/16/2020 15:38:58.6,NA,NA,NA,NA,NA,NA,propeller?,NA,NA,2020-08-16,21.32505,-157.6604,Day
G:\2020RabbitIsland_SoundTrapData\ST008_5641\ST008_5641_LTSA_wav\20200817\20200817_220621.wav,3/6/23 8:41,HMS,Unknown,8/18/2020 0:50:22.8,8/18/2020 0:50:27.0,NA,NA,NA,NA,NA,NA,No HMS vocalizations 8/17/2020,NA,NA,2020-08-18,21.32505,-157.6604,Night
G:\2020RabbitIsland_SoundTrapData\ST008_5641\ST008_5641_LTSA_wav\20200818\20200818_091607.wav,3/6/23 8:43,Anthro,Ship/Small Boat,8/18/2020 9:28:26.5,8/18/2020 9:28:31.9,NA,NA,NA,NA,NA,NA,Sandtrap retreived,NA,NA,2020-08-18,21.32505,-157.6604,Day
