Hour,Date,Location
13,8/8/21,PHR
14,8/8/21,PHR
15,8/8/21,PHR
16,8/8/21,PHR
17,8/8/21,PHR
18,8/8/21,PHR
19,8/8/21,PHR
20,8/8/21,PHR
21,8/8/21,PHR
22,8/8/21,PHR
23,8/8/21,PHR
0,8/9/21,PHR
1,8/9/21,PHR
2,8/9/21,PHR
3,8/9/21,PHR
4,8/9/21,PHR
5,8/9/21,PHR
6,8/9/21,PHR
7,8/9/21,PHR
8,8/9/21,PHR
9,8/9/21,PHR
10,8/9/21,PHR
11,8/9/21,PHR
12,8/9/21,PHR
13,8/9/21,PHR
14,8/9/21,PHR
15,8/9/21,PHR
16,8/9/21,PHR
17,8/9/21,PHR
18,8/9/21,PHR
19,8/9/21,PHR
20,8/9/21,PHR
21,8/9/21,PHR
22,8/9/21,PHR
23,8/9/21,PHR
0,8/12/21,PHR
1,8/12/21,PHR
2,8/12/21,PHR
3,8/12/21,PHR
4,8/12/21,PHR
5,8/12/21,PHR
6,8/12/21,PHR
7,8/12/21,PHR
8,8/12/21,PHR
9,8/12/21,PHR
10,8/12/21,PHR
11,8/12/21,PHR
12,8/12/21,PHR
13,8/12/21,PHR
14,8/12/21,PHR
15,8/12/21,PHR
16,8/12/21,PHR
17,8/12/21,PHR
18,8/12/21,PHR
19,8/12/21,PHR
20,8/12/21,PHR
21,8/12/21,PHR
22,8/12/21,PHR
23,8/12/21,PHR
0,8/14/21,PHR
1,8/14/21,PHR
2,8/14/21,PHR
3,8/14/21,PHR
4,8/14/21,PHR
5,8/14/21,PHR
6,8/14/21,PHR
7,8/14/21,PHR
8,8/14/21,PHR
9,8/14/21,PHR
10,8/14/21,PHR
11,8/14/21,PHR
12,8/14/21,PHR
13,8/14/21,PHR
14,8/14/21,PHR
15,8/14/21,PHR
16,8/14/21,PHR
17,8/14/21,PHR
18,8/14/21,PHR
19,8/14/21,PHR
20,8/14/21,PHR
21,8/14/21,PHR
22,8/14/21,PHR
23,8/14/21,PHR
0,8/16/21,PHR
1,8/16/21,PHR
2,8/16/21,PHR
3,8/16/21,PHR
4,8/16/21,PHR
5,8/16/21,PHR
6,8/16/21,PHR
7,8/16/21,PHR
8,8/16/21,PHR
9,8/16/21,PHR
10,8/16/21,PHR
11,8/16/21,PHR
12,8/16/21,PHR
13,8/16/21,PHR
14,8/16/21,PHR
15,8/16/21,PHR
16,8/16/21,PHR
17,8/16/21,PHR
18,8/16/21,PHR
19,8/16/21,PHR
20,8/16/21,PHR
21,8/16/21,PHR
22,8/16/21,PHR
23,8/16/21,PHR
0,8/19/21,PHR
1,8/19/21,PHR
2,8/19/21,PHR
3,8/19/21,PHR
4,8/19/21,PHR
5,8/19/21,PHR
6,8/19/21,PHR
7,8/19/21,PHR
8,8/19/21,PHR
9,8/19/21,PHR
10,8/19/21,PHR
11,8/19/21,PHR
12,8/19/21,PHR
13,8/19/21,PHR
14,8/19/21,PHR
15,8/19/21,PHR
16,8/19/21,PHR
17,8/19/21,PHR
18,8/19/21,PHR
19,8/19/21,PHR
20,8/19/21,PHR
21,8/19/21,PHR
22,8/19/21,PHR
23,8/19/21,PHR
0,8/21/21,PHR
1,8/21/21,PHR
2,8/21/21,PHR
3,8/21/21,PHR
4,8/21/21,PHR
5,8/21/21,PHR
6,8/21/21,PHR
7,8/21/21,PHR
8,8/21/21,PHR
9,8/21/21,PHR
10,8/21/21,PHR
11,8/21/21,PHR
12,8/21/21,PHR
13,8/21/21,PHR
14,8/21/21,PHR
15,8/21/21,PHR
16,8/21/21,PHR
17,8/21/21,PHR
18,8/21/21,PHR
19,8/21/21,PHR
20,8/21/21,PHR
21,8/21/21,PHR
22,8/21/21,PHR
23,8/21/21,PHR
0,8/23/21,PHR
1,8/23/21,PHR
2,8/23/21,PHR
3,8/23/21,PHR
4,8/23/21,PHR
5,8/23/21,PHR
6,8/23/21,PHR
7,8/23/21,PHR
8,8/23/21,PHR
9,8/23/21,PHR
10,8/23/21,PHR
11,8/23/21,PHR
12,8/23/21,PHR
13,8/23/21,PHR
14,8/23/21,PHR
15,8/23/21,PHR
16,8/23/21,PHR
17,8/23/21,PHR
18,8/23/21,PHR
19,8/23/21,PHR
20,8/23/21,PHR
21,8/23/21,PHR
22,8/23/21,PHR
23,8/23/21,PHR
0,8/26/21,PHR
1,8/26/21,PHR
2,8/26/21,PHR
3,8/26/21,PHR
4,8/26/21,PHR
5,8/26/21,PHR
6,8/26/21,PHR
7,8/26/21,PHR
8,8/26/21,PHR
9,8/26/21,PHR
10,8/26/21,PHR
11,8/26/21,PHR
12,8/26/21,PHR
13,8/26/21,PHR
14,8/26/21,PHR
15,8/26/21,PHR
16,8/26/21,PHR
17,8/26/21,PHR
18,8/26/21,PHR
19,8/26/21,PHR
20,8/26/21,PHR
21,8/26/21,PHR
22,8/26/21,PHR
23,8/26/21,PHR
0,8/28/21,PHR
1,8/28/21,PHR
2,8/28/21,PHR
3,8/28/21,PHR
4,8/28/21,PHR
5,8/28/21,PHR
6,8/28/21,PHR
7,8/28/21,PHR
8,8/28/21,PHR
9,8/28/21,PHR
10,8/28/21,PHR
11,8/28/21,PHR
12,8/28/21,PHR
13,8/28/21,PHR
14,8/28/21,PHR
15,8/28/21,PHR
16,8/28/21,PHR
17,8/28/21,PHR
18,8/28/21,PHR
19,8/28/21,PHR
20,8/28/21,PHR
21,8/28/21,PHR
22,8/28/21,PHR
23,8/28/21,PHR
0,8/30/21,PHR
1,8/30/21,PHR
2,8/30/21,PHR
3,8/30/21,PHR
4,8/30/21,PHR
5,8/30/21,PHR
6,8/30/21,PHR
7,8/30/21,PHR
8,8/30/21,PHR
9,8/30/21,PHR
10,8/30/21,PHR
11,8/30/21,PHR
12,8/30/21,PHR
13,8/30/21,PHR
14,8/30/21,PHR
15,8/30/21,PHR
16,8/30/21,PHR
17,8/30/21,PHR
18,8/30/21,PHR
19,8/30/21,PHR
20,8/30/21,PHR
21,8/30/21,PHR
22,8/30/21,PHR
23,8/30/21,PHR
12,5/10/21,LehuaRock
13,5/10/21,LehuaRock
14,5/10/21,LehuaRock
15,5/10/21,LehuaRock
16,5/10/21,LehuaRock
17,5/10/21,LehuaRock
18,5/10/21,LehuaRock
19,5/10/21,LehuaRock
20,5/10/21,LehuaRock
21,5/10/21,LehuaRock
22,5/10/21,LehuaRock
23,5/10/21,LehuaRock
0,5/11/21,LehuaRock
1,5/11/21,LehuaRock
2,5/11/21,LehuaRock
3,5/11/21,LehuaRock
4,5/11/21,LehuaRock
5,5/11/21,LehuaRock
6,5/11/21,LehuaRock
7,5/11/21,LehuaRock
8,5/11/21,LehuaRock
9,5/11/21,LehuaRock
10,5/11/21,LehuaRock
11,5/11/21,LehuaRock
12,5/11/21,LehuaRock
13,5/11/21,LehuaRock
14,5/11/21,LehuaRock
15,5/11/21,LehuaRock
16,5/11/21,LehuaRock
17,5/11/21,LehuaRock
18,5/11/21,LehuaRock
19,5/11/21,LehuaRock
20,5/11/21,LehuaRock
21,5/11/21,LehuaRock
22,5/11/21,LehuaRock
23,5/11/21,LehuaRock
0,5/12/21,LehuaRock
1,5/12/21,LehuaRock
2,5/12/21,LehuaRock
3,5/12/21,LehuaRock
4,5/12/21,LehuaRock
5,5/12/21,LehuaRock
6,5/12/21,LehuaRock
7,5/12/21,LehuaRock
8,5/12/21,LehuaRock
9,5/12/21,LehuaRock
10,5/12/21,LehuaRock
11,5/12/21,LehuaRock
12,5/12/21,LehuaRock
13,5/12/21,LehuaRock
14,5/12/21,LehuaRock
15,5/12/21,LehuaRock
16,5/12/21,LehuaRock
17,5/12/21,LehuaRock
18,5/12/21,LehuaRock
19,5/12/21,LehuaRock
20,5/12/21,LehuaRock
21,5/12/21,LehuaRock
22,5/12/21,LehuaRock
23,5/12/21,LehuaRock
0,5/13/21,LehuaRock
1,5/13/21,LehuaRock
2,5/13/21,LehuaRock
3,5/13/21,LehuaRock
4,5/13/21,LehuaRock
5,5/13/21,LehuaRock
6,5/13/21,LehuaRock
7,5/13/21,LehuaRock
8,5/13/21,LehuaRock
9,5/13/21,LehuaRock
10,5/13/21,LehuaRock
11,5/13/21,LehuaRock
12,5/13/21,LehuaRock
13,5/13/21,LehuaRock
14,5/13/21,LehuaRock
15,5/13/21,LehuaRock
16,5/13/21,LehuaRock
17,5/13/21,LehuaRock
18,5/13/21,LehuaRock
19,5/13/21,LehuaRock
20,5/13/21,LehuaRock
21,5/13/21,LehuaRock
22,5/13/21,LehuaRock
23,5/13/21,LehuaRock
0,5/14/21,LehuaRock
1,5/14/21,LehuaRock
2,5/14/21,LehuaRock
3,5/14/21,LehuaRock
4,5/14/21,LehuaRock
5,5/14/21,LehuaRock
6,5/14/21,LehuaRock
7,5/14/21,LehuaRock
8,5/14/21,LehuaRock
9,5/14/21,LehuaRock
10,5/14/21,LehuaRock
11,5/14/21,LehuaRock
12,5/14/21,LehuaRock
13,5/14/21,LehuaRock
14,5/14/21,LehuaRock
15,5/14/21,LehuaRock
16,5/14/21,LehuaRock
17,5/14/21,LehuaRock
18,5/14/21,LehuaRock
19,5/14/21,LehuaRock
20,5/14/21,LehuaRock
21,5/14/21,LehuaRock
22,5/14/21,LehuaRock
23,5/14/21,LehuaRock
0,5/15/21,LehuaRock
1,5/15/21,LehuaRock
2,5/15/21,LehuaRock
3,5/15/21,LehuaRock
4,5/15/21,LehuaRock
5,5/15/21,LehuaRock
6,5/15/21,LehuaRock
7,5/15/21,LehuaRock
8,5/15/21,LehuaRock
9,5/15/21,LehuaRock
10,5/15/21,LehuaRock
11,5/15/21,LehuaRock
12,5/15/21,LehuaRock
13,5/15/21,LehuaRock
14,5/15/21,LehuaRock
15,5/15/21,LehuaRock
16,5/15/21,LehuaRock
17,5/15/21,LehuaRock
18,5/15/21,LehuaRock
19,5/15/21,LehuaRock
20,5/15/21,LehuaRock
21,5/15/21,LehuaRock
22,5/15/21,LehuaRock
23,5/15/21,LehuaRock
0,5/16/21,LehuaRock
1,5/16/21,LehuaRock
2,5/16/21,LehuaRock
3,5/16/21,LehuaRock
4,5/16/21,LehuaRock
5,5/16/21,LehuaRock
6,5/16/21,LehuaRock
7,5/16/21,LehuaRock
8,5/16/21,LehuaRock
9,5/16/21,LehuaRock
10,5/16/21,LehuaRock
11,5/16/21,LehuaRock
12,5/16/21,LehuaRock
13,5/16/21,LehuaRock
14,5/16/21,LehuaRock
15,5/16/21,LehuaRock
12,7/23/21,FFS
13,7/23/21,FFS
14,7/23/21,FFS
15,7/23/21,FFS
16,7/23/21,FFS
17,7/23/21,FFS
18,7/23/21,FFS
19,7/23/21,FFS
20,7/23/21,FFS
21,7/23/21,FFS
22,7/23/21,FFS
23,7/23/21,FFS
0,7/24/21,FFS
1,7/24/21,FFS
2,7/24/21,FFS
3,7/24/21,FFS
4,7/24/21,FFS
5,7/24/21,FFS
6,7/24/21,FFS
7,7/24/21,FFS
8,7/24/21,FFS
9,7/24/21,FFS
10,7/24/21,FFS
11,7/24/21,FFS
12,7/24/21,FFS
13,7/24/21,FFS
14,7/24/21,FFS
15,7/24/21,FFS
16,7/24/21,FFS
17,7/24/21,FFS
18,7/24/21,FFS
19,7/24/21,FFS
20,7/24/21,FFS
21,7/24/21,FFS
22,7/24/21,FFS
23,7/24/21,FFS
0,7/26/21,FFS
1,7/26/21,FFS
2,7/26/21,FFS
3,7/26/21,FFS
4,7/26/21,FFS
5,7/26/21,FFS
6,7/26/21,FFS
7,7/26/21,FFS
8,7/26/21,FFS
9,7/26/21,FFS
10,7/26/21,FFS
11,7/26/21,FFS
12,7/26/21,FFS
13,7/26/21,FFS
14,7/26/21,FFS
15,7/26/21,FFS
16,7/26/21,FFS
17,7/26/21,FFS
18,7/26/21,FFS
19,7/26/21,FFS
20,7/26/21,FFS
21,7/26/21,FFS
22,7/26/21,FFS
23,7/26/21,FFS
0,7/29/21,FFS
1,7/29/21,FFS
2,7/29/21,FFS
3,7/29/21,FFS
4,7/29/21,FFS
5,7/29/21,FFS
6,7/29/21,FFS
7,7/29/21,FFS
8,7/29/21,FFS
9,7/29/21,FFS
10,7/29/21,FFS
11,7/29/21,FFS
12,7/29/21,FFS
13,7/29/21,FFS
14,7/29/21,FFS
15,7/29/21,FFS
16,7/29/21,FFS
17,7/29/21,FFS
18,7/29/21,FFS
19,7/29/21,FFS
20,7/29/21,FFS
21,7/29/21,FFS
22,7/29/21,FFS
23,7/29/21,FFS
0,7/31/21,FFS
1,7/31/21,FFS
2,7/31/21,FFS
3,7/31/21,FFS
4,7/31/21,FFS
5,7/31/21,FFS
6,7/31/21,FFS
7,7/31/21,FFS
8,7/31/21,FFS
9,7/31/21,FFS
10,7/31/21,FFS
11,7/31/21,FFS
12,7/31/21,FFS
13,7/31/21,FFS
14,7/31/21,FFS
15,7/31/21,FFS
16,7/31/21,FFS
17,7/31/21,FFS
18,7/31/21,FFS
19,7/31/21,FFS
20,7/31/21,FFS
21,7/31/21,FFS
22,7/31/21,FFS
23,7/31/21,FFS
0,8/2/21,FFS
1,8/2/21,FFS
2,8/2/21,FFS
3,8/2/21,FFS
4,8/2/21,FFS
5,8/2/21,FFS
6,8/2/21,FFS
7,8/2/21,FFS
8,8/2/21,FFS
9,8/2/21,FFS
10,8/2/21,FFS
11,8/2/21,FFS
12,8/2/21,FFS
13,8/2/21,FFS
14,8/2/21,FFS
15,8/2/21,FFS
16,8/2/21,FFS
17,8/2/21,FFS
18,8/2/21,FFS
19,8/2/21,FFS
20,8/2/21,FFS
21,8/2/21,FFS
22,8/2/21,FFS
23,8/2/21,FFS
0,8/5/21,FFS
1,8/5/21,FFS
2,8/5/21,FFS
3,8/5/21,FFS
4,8/5/21,FFS
5,8/5/21,FFS
6,8/5/21,FFS
7,8/5/21,FFS
8,8/5/21,FFS
9,8/5/21,FFS
10,8/5/21,FFS
11,8/5/21,FFS
12,8/5/21,FFS
13,8/5/21,FFS
14,8/5/21,FFS
15,8/5/21,FFS
16,8/5/21,FFS
17,8/5/21,FFS
18,8/5/21,FFS
19,8/5/21,FFS
20,8/5/21,FFS
21,8/5/21,FFS
22,8/5/21,FFS
23,8/5/21,FFS
0,8/7/21,FFS
1,8/7/21,FFS
2,8/7/21,FFS
3,8/7/21,FFS
4,8/7/21,FFS
5,8/7/21,FFS
6,8/7/21,FFS
7,8/7/21,FFS
8,8/7/21,FFS
9,8/7/21,FFS
10,8/7/21,FFS
11,8/7/21,FFS
12,8/7/21,FFS
13,8/7/21,FFS
14,8/7/21,FFS
15,8/7/21,FFS
16,8/7/21,FFS
17,8/7/21,FFS
18,8/7/21,FFS
19,8/7/21,FFS
20,8/7/21,FFS
21,8/7/21,FFS
22,8/7/21,FFS
23,8/7/21,FFS
0,8/9/21,FFS
1,8/9/21,FFS
2,8/9/21,FFS
3,8/9/21,FFS
4,8/9/21,FFS
5,8/9/21,FFS
6,8/9/21,FFS
7,8/9/21,FFS
8,8/9/21,FFS
9,8/9/21,FFS
10,8/9/21,FFS
11,8/9/21,FFS
12,8/9/21,FFS
13,8/9/21,FFS
14,8/9/21,FFS
15,8/9/21,FFS
16,8/9/21,FFS
17,8/9/21,FFS
18,8/9/21,FFS
19,8/9/21,FFS
20,8/9/21,FFS
21,8/9/21,FFS
22,8/9/21,FFS
23,8/9/21,FFS
0,8/12/21,FFS
1,8/12/21,FFS
2,8/12/21,FFS
3,8/12/21,FFS
4,8/12/21,FFS
5,8/12/21,FFS
6,8/12/21,FFS
7,8/12/21,FFS
8,8/12/21,FFS
9,8/12/21,FFS
10,8/12/21,FFS
11,8/12/21,FFS
12,8/12/21,FFS
13,8/12/21,FFS
14,8/12/21,FFS
15,8/12/21,FFS
16,8/12/21,FFS
17,8/12/21,FFS
18,8/12/21,FFS
19,8/12/21,FFS
20,8/12/21,FFS
21,8/12/21,FFS
22,8/12/21,FFS
23,8/12/21,FFS
0,8/14/21,FFS
1,8/14/21,FFS
2,8/14/21,FFS
3,8/14/21,FFS
4,8/14/21,FFS
5,8/14/21,FFS
6,8/14/21,FFS
7,8/14/21,FFS
8,8/14/21,FFS
9,8/14/21,FFS
10,8/14/21,FFS
11,8/14/21,FFS
12,8/14/21,FFS
13,8/14/21,FFS
14,8/14/21,FFS
15,8/14/21,FFS
16,8/14/21,FFS
17,8/14/21,FFS
18,8/14/21,FFS
19,8/14/21,FFS
20,8/14/21,FFS
21,8/14/21,FFS
22,8/14/21,FFS
23,8/14/21,FFS
0,8/16/21,FFS
1,8/16/21,FFS
2,8/16/21,FFS
3,8/16/21,FFS
4,8/16/21,FFS
5,8/16/21,FFS
6,8/16/21,FFS
7,8/16/21,FFS
8,8/16/21,FFS
9,8/16/21,FFS
10,8/16/21,FFS
11,8/16/21,FFS
12,8/16/21,FFS
13,8/16/21,FFS
14,8/16/21,FFS
15,8/16/21,FFS
16,8/16/21,FFS
17,8/16/21,FFS
18,8/16/21,FFS
19,8/16/21,FFS
20,8/16/21,FFS
21,8/16/21,FFS
22,8/16/21,FFS
23,8/16/21,FFS
0,8/19/21,FFS
1,8/19/21,FFS
2,8/19/21,FFS
3,8/19/21,FFS
4,8/19/21,FFS
5,8/19/21,FFS
6,8/19/21,FFS
7,8/19/21,FFS
8,8/19/21,FFS
9,8/19/21,FFS
10,8/19/21,FFS
11,8/19/21,FFS
12,8/19/21,FFS
13,8/19/21,FFS
14,8/19/21,FFS
15,8/19/21,FFS
16,8/19/21,FFS
17,8/19/21,FFS
18,8/19/21,FFS
19,8/19/21,FFS
20,8/19/21,FFS
21,8/19/21,FFS
22,8/19/21,FFS
23,8/19/21,FFS
0,8/21/21,FFS
1,8/21/21,FFS
2,8/21/21,FFS
3,8/21/21,FFS
4,8/21/21,FFS
5,8/21/21,FFS
6,8/21/21,FFS
7,8/21/21,FFS
8,8/21/21,FFS
9,8/21/21,FFS
10,8/21/21,FFS
11,8/21/21,FFS
12,8/21/21,FFS
13,8/21/21,FFS
14,8/21/21,FFS
15,8/21/21,FFS
16,8/21/21,FFS
17,8/21/21,FFS
18,8/21/21,FFS
19,8/21/21,FFS
20,8/21/21,FFS
21,8/21/21,FFS
22,8/21/21,FFS
23,8/21/21,FFS
0,8/23/21,FFS
1,8/23/21,FFS
2,8/23/21,FFS
3,8/23/21,FFS
4,8/23/21,FFS
5,8/23/21,FFS
6,8/23/21,FFS
7,8/23/21,FFS
8,8/23/21,FFS
9,8/23/21,FFS
10,8/23/21,FFS
11,8/23/21,FFS
12,8/23/21,FFS
13,8/23/21,FFS
14,8/23/21,FFS
15,8/23/21,FFS
16,8/23/21,FFS
17,8/23/21,FFS
18,8/23/21,FFS
19,8/23/21,FFS
20,8/23/21,FFS
21,8/23/21,FFS
22,8/23/21,FFS
23,8/23/21,FFS
0,8/26/21,FFS
1,8/26/21,FFS
2,8/26/21,FFS
3,8/26/21,FFS
4,8/26/21,FFS
5,8/26/21,FFS
6,8/26/21,FFS
7,8/26/21,FFS
8,8/26/21,FFS
9,8/26/21,FFS
10,8/26/21,FFS
11,8/26/21,FFS
12,8/26/21,FFS
13,8/26/21,FFS
14,8/26/21,FFS
15,8/26/21,FFS
16,8/26/21,FFS
17,8/26/21,FFS
18,8/26/21,FFS
19,8/26/21,FFS
20,8/26/21,FFS
21,8/26/21,FFS
22,8/26/21,FFS
23,8/26/21,FFS
0,8/28/21,FFS
1,8/28/21,FFS
2,8/28/21,FFS
3,8/28/21,FFS
4,8/28/21,FFS
5,8/28/21,FFS
6,8/28/21,FFS
7,8/28/21,FFS
8,8/28/21,FFS
9,8/28/21,FFS
10,8/28/21,FFS
11,8/28/21,FFS
12,8/28/21,FFS
13,8/28/21,FFS
14,8/28/21,FFS
15,8/28/21,FFS
16,8/28/21,FFS
17,8/28/21,FFS
18,8/28/21,FFS
19,8/28/21,FFS
20,8/28/21,FFS
21,8/28/21,FFS
22,8/28/21,FFS
23,8/28/21,FFS
0,8/30/21,FFS
1,8/30/21,FFS
2,8/30/21,FFS
3,8/30/21,FFS
4,8/30/21,FFS
5,8/30/21,FFS
6,8/30/21,FFS
7,8/30/21,FFS
8,8/30/21,FFS
9,8/30/21,FFS
10,8/30/21,FFS
11,8/30/21,FFS
12,8/30/21,FFS
13,8/30/21,FFS
14,8/30/21,FFS
15,8/30/21,FFS
16,8/30/21,FFS
17,8/30/21,FFS
18,8/30/21,FFS
19,8/30/21,FFS
20,8/30/21,FFS
21,8/30/21,FFS
22,8/30/21,FFS
23,8/30/21,FFS
0,9/2/21,FFS
1,9/2/21,FFS
2,9/2/21,FFS
3,9/2/21,FFS
4,9/2/21,FFS
5,9/2/21,FFS
6,9/2/21,FFS
7,9/2/21,FFS
8,9/2/21,FFS
9,9/2/21,FFS
10,9/2/21,FFS
11,9/2/21,FFS
12,9/2/21,FFS
13,9/2/21,FFS
14,9/2/21,FFS
15,9/2/21,FFS
16,9/2/21,FFS
17,9/2/21,FFS
18,9/2/21,FFS
19,9/2/21,FFS
20,9/2/21,FFS
21,9/2/21,FFS
22,9/2/21,FFS
23,9/2/21,FFS
0,9/5/21,FFS
1,9/5/21,FFS
2,9/5/21,FFS
3,9/5/21,FFS
4,9/5/21,FFS
5,9/5/21,FFS
6,9/5/21,FFS
7,9/5/21,FFS
8,9/5/21,FFS
9,9/5/21,FFS
10,9/5/21,FFS
11,9/5/21,FFS
12,9/5/21,FFS
13,9/5/21,FFS
15,7/22/20,RI20_1
16,7/22/20,RI20_1
17,7/22/20,RI20_1
18,7/22/20,RI20_1
19,7/22/20,RI20_1
20,7/22/20,RI20_1
21,7/22/20,RI20_1
22,7/22/20,RI20_1
23,7/22/20,RI20_1
0,7/23/20,RI20_1
1,7/23/20,RI20_1
2,7/23/20,RI20_1
3,7/23/20,RI20_1
4,7/23/20,RI20_1
5,7/23/20,RI20_1
6,7/23/20,RI20_1
7,7/23/20,RI20_1
8,7/23/20,RI20_1
9,7/23/20,RI20_1
10,7/23/20,RI20_1
11,7/23/20,RI20_1
12,7/23/20,RI20_1
13,7/23/20,RI20_1
14,7/23/20,RI20_1
15,7/23/20,RI20_1
16,7/23/20,RI20_1
17,7/23/20,RI20_1
18,7/23/20,RI20_1
19,7/23/20,RI20_1
20,7/23/20,RI20_1
21,7/23/20,RI20_1
22,7/23/20,RI20_1
23,7/23/20,RI20_1
0,7/24/20,RI20_1
1,7/24/20,RI20_1
2,7/24/20,RI20_1
3,7/24/20,RI20_1
4,7/24/20,RI20_1
5,7/24/20,RI20_1
6,7/24/20,RI20_1
7,7/24/20,RI20_1
8,7/24/20,RI20_1
9,7/24/20,RI20_1
10,7/24/20,RI20_1
11,7/24/20,RI20_1
12,7/24/20,RI20_1
13,7/24/20,RI20_1
14,7/24/20,RI20_1
15,7/24/20,RI20_1
16,7/24/20,RI20_1
17,7/24/20,RI20_1
18,7/24/20,RI20_1
19,7/24/20,RI20_1
20,7/24/20,RI20_1
21,7/24/20,RI20_1
22,7/24/20,RI20_1
23,7/24/20,RI20_1
0,7/25/20,RI20_1
1,7/25/20,RI20_1
2,7/25/20,RI20_1
3,7/25/20,RI20_1
4,7/25/20,RI20_1
5,7/25/20,RI20_1
6,7/25/20,RI20_1
7,7/25/20,RI20_1
8,7/25/20,RI20_1
9,7/25/20,RI20_1
10,7/25/20,RI20_1
11,7/25/20,RI20_1
12,7/25/20,RI20_1
13,7/25/20,RI20_1
14,7/25/20,RI20_1
15,7/25/20,RI20_1
16,7/25/20,RI20_1
17,7/25/20,RI20_1
18,7/25/20,RI20_1
19,7/25/20,RI20_1
20,7/25/20,RI20_1
21,7/25/20,RI20_1
22,7/25/20,RI20_1
23,7/25/20,RI20_1
0,7/26/20,RI20_1
1,7/26/20,RI20_1
2,7/26/20,RI20_1
3,7/26/20,RI20_1
4,7/26/20,RI20_1
5,7/26/20,RI20_1
6,7/26/20,RI20_1
7,7/26/20,RI20_1
8,7/26/20,RI20_1
9,7/26/20,RI20_1
10,7/26/20,RI20_1
11,7/26/20,RI20_1
12,7/26/20,RI20_1
13,7/26/20,RI20_1
14,7/26/20,RI20_1
15,7/26/20,RI20_1
16,7/26/20,RI20_1
17,7/26/20,RI20_1
18,7/26/20,RI20_1
19,7/26/20,RI20_1
20,7/26/20,RI20_1
21,7/26/20,RI20_1
22,7/26/20,RI20_1
23,7/26/20,RI20_1
0,7/27/20,RI20_1
1,7/27/20,RI20_1
2,7/27/20,RI20_1
3,7/27/20,RI20_1
4,7/27/20,RI20_1
5,7/27/20,RI20_1
6,7/27/20,RI20_1
7,7/27/20,RI20_1
8,7/27/20,RI20_1
9,7/27/20,RI20_1
10,7/27/20,RI20_1
11,7/27/20,RI20_1
12,7/27/20,RI20_1
13,7/27/20,RI20_1
14,7/27/20,RI20_1
15,7/27/20,RI20_1
16,7/27/20,RI20_1
17,7/27/20,RI20_1
18,7/27/20,RI20_1
19,7/27/20,RI20_1
20,7/27/20,RI20_1
21,7/27/20,RI20_1
22,7/27/20,RI20_1
23,7/27/20,RI20_1
0,7/28/20,RI20_1
1,7/28/20,RI20_1
2,7/28/20,RI20_1
3,7/28/20,RI20_1
4,7/28/20,RI20_1
5,7/28/20,RI20_1
6,7/28/20,RI20_1
7,7/28/20,RI20_1
8,7/28/20,RI20_1
9,7/28/20,RI20_1
10,7/28/20,RI20_1
11,7/28/20,RI20_1
12,7/28/20,RI20_1
13,7/28/20,RI20_1
14,7/28/20,RI20_1
15,7/28/20,RI20_1
16,7/28/20,RI20_1
17,7/28/20,RI20_1
18,7/28/20,RI20_1
19,7/28/20,RI20_1
20,7/28/20,RI20_1
21,7/28/20,RI20_1
22,7/28/20,RI20_1
23,7/28/20,RI20_1
0,7/29/20,RI20_1
1,7/29/20,RI20_1
2,7/29/20,RI20_1
3,7/29/20,RI20_1
4,7/29/20,RI20_1
5,7/29/20,RI20_1
6,7/29/20,RI20_1
7,7/29/20,RI20_1
8,7/29/20,RI20_1
9,7/29/20,RI20_1
10,7/29/20,RI20_1
11,7/29/20,RI20_1
12,7/29/20,RI20_1
13,7/29/20,RI20_1
14,7/29/20,RI20_1
15,7/29/20,RI20_1
16,7/29/20,RI20_1
17,7/29/20,RI20_1
18,7/29/20,RI20_1
19,7/29/20,RI20_1
20,7/29/20,RI20_1
21,7/29/20,RI20_1
22,7/29/20,RI20_1
23,7/29/20,RI20_1
0,7/30/20,RI20_1
1,7/30/20,RI20_1
2,7/30/20,RI20_1
3,7/30/20,RI20_1
4,7/30/20,RI20_1
5,7/30/20,RI20_1
6,7/30/20,RI20_1
7,7/30/20,RI20_1
8,7/30/20,RI20_1
9,7/30/20,RI20_1
10,7/30/20,RI20_1
11,7/30/20,RI20_1
12,7/30/20,RI20_1
13,7/30/20,RI20_1
14,7/30/20,RI20_1
15,7/30/20,RI20_1
16,7/30/20,RI20_1
17,7/30/20,RI20_1
18,7/30/20,RI20_1
19,7/30/20,RI20_1
20,7/30/20,RI20_1
21,7/30/20,RI20_1
22,7/30/20,RI20_1
23,7/30/20,RI20_1
0,7/31/20,RI20_1
1,7/31/20,RI20_1
2,7/31/20,RI20_1
3,7/31/20,RI20_1
4,7/31/20,RI20_1
5,7/31/20,RI20_1
6,7/31/20,RI20_1
7,7/31/20,RI20_1
8,7/31/20,RI20_1
9,7/31/20,RI20_1
10,7/31/20,RI20_1
11,7/31/20,RI20_1
12,7/31/20,RI20_1
13,7/31/20,RI20_1
14,7/31/20,RI20_1
15,7/31/20,RI20_1
16,7/31/20,RI20_1
17,7/31/20,RI20_1
18,7/31/20,RI20_1
19,7/31/20,RI20_1
20,7/31/20,RI20_1
21,7/31/20,RI20_1
22,7/31/20,RI20_1
23,7/31/20,RI20_1
0,8/1/20,RI20_1
1,8/1/20,RI20_1
2,8/1/20,RI20_1
3,8/1/20,RI20_1
4,8/1/20,RI20_1
5,8/1/20,RI20_1
6,8/1/20,RI20_1
7,8/1/20,RI20_1
8,8/1/20,RI20_1
9,8/1/20,RI20_1
10,8/1/20,RI20_1
11,8/1/20,RI20_1
12,8/1/20,RI20_1
13,8/1/20,RI20_1
14,8/1/20,RI20_1
15,8/1/20,RI20_1
16,8/1/20,RI20_1
17,8/1/20,RI20_1
18,8/1/20,RI20_1
19,8/1/20,RI20_1
20,8/1/20,RI20_1
21,8/1/20,RI20_1
22,8/1/20,RI20_1
23,8/1/20,RI20_1
0,8/2/20,RI20_1
1,8/2/20,RI20_1
2,8/2/20,RI20_1
3,8/2/20,RI20_1
4,8/2/20,RI20_1
5,8/2/20,RI20_1
6,8/2/20,RI20_1
7,8/2/20,RI20_1
8,8/2/20,RI20_1
9,8/2/20,RI20_1
10,8/2/20,RI20_1
11,8/2/20,RI20_1
12,8/2/20,RI20_1
13,8/2/20,RI20_1
14,8/2/20,RI20_1
15,8/2/20,RI20_1
16,8/2/20,RI20_1
17,8/2/20,RI20_1
18,8/2/20,RI20_1
19,8/2/20,RI20_1
20,8/2/20,RI20_1
21,8/2/20,RI20_1
22,8/2/20,RI20_1
23,8/2/20,RI20_1
0,8/3/20,RI20_1
1,8/3/20,RI20_1
2,8/3/20,RI20_1
3,8/3/20,RI20_1
4,8/3/20,RI20_1
5,8/3/20,RI20_1
6,8/3/20,RI20_1
7,8/3/20,RI20_1
8,8/3/20,RI20_1
9,8/3/20,RI20_1
10,8/3/20,RI20_1
11,8/3/20,RI20_1
12,8/3/20,RI20_1
13,8/3/20,RI20_1
14,8/3/20,RI20_1
15,8/3/20,RI20_1
16,8/3/20,RI20_1
17,8/3/20,RI20_1
18,8/3/20,RI20_1
19,8/3/20,RI20_1
20,8/3/20,RI20_1
21,8/3/20,RI20_1
22,8/3/20,RI20_1
23,8/3/20,RI20_1
0,8/4/20,RI20_1
1,8/4/20,RI20_1
2,8/4/20,RI20_1
3,8/4/20,RI20_1
4,8/4/20,RI20_1
5,8/4/20,RI20_1
6,8/4/20,RI20_1
7,8/4/20,RI20_1
8,8/4/20,RI20_1
9,8/4/20,RI20_1
10,8/4/20,RI20_1
11,8/4/20,RI20_1
12,8/4/20,RI20_1
13,8/4/20,RI20_1
14,8/4/20,RI20_1
15,8/4/20,RI20_1
16,8/4/20,RI20_1
17,8/4/20,RI20_1
18,8/4/20,RI20_1
19,8/4/20,RI20_1
20,8/4/20,RI20_1
21,8/4/20,RI20_1
22,8/4/20,RI20_1
23,8/4/20,RI20_1
0,8/5/20,RI20_1
1,8/5/20,RI20_1
2,8/5/20,RI20_1
3,8/5/20,RI20_1
4,8/5/20,RI20_1
5,8/5/20,RI20_1
6,8/5/20,RI20_1
7,8/5/20,RI20_1
8,8/5/20,RI20_1
9,8/5/20,RI20_1
10,8/5/20,RI20_1
11,8/5/20,RI20_1
12,8/5/20,RI20_1
13,8/5/20,RI20_1
14,8/5/20,RI20_1
15,8/5/20,RI20_1
16,8/5/20,RI20_1
17,8/5/20,RI20_1
18,8/5/20,RI20_1
19,8/5/20,RI20_1
20,8/5/20,RI20_1
21,8/5/20,RI20_1
22,8/5/20,RI20_1
23,8/5/20,RI20_1
0,8/6/20,RI20_1
1,8/6/20,RI20_1
2,8/6/20,RI20_1
3,8/6/20,RI20_1
4,8/6/20,RI20_1
5,8/6/20,RI20_1
6,8/6/20,RI20_1
7,8/6/20,RI20_1
8,8/6/20,RI20_1
9,8/6/20,RI20_1
10,8/6/20,RI20_1
11,8/6/20,RI20_1
12,8/6/20,RI20_1
13,8/6/20,RI20_1
14,8/6/20,RI20_1
15,8/6/20,RI20_1
16,8/6/20,RI20_1
17,8/6/20,RI20_1
18,8/6/20,RI20_1
19,8/6/20,RI20_1
20,8/6/20,RI20_1
21,8/6/20,RI20_1
22,8/6/20,RI20_1
23,8/6/20,RI20_1
0,8/7/20,RI20_1
1,8/7/20,RI20_1
2,8/7/20,RI20_1
3,8/7/20,RI20_1
4,8/7/20,RI20_1
5,8/7/20,RI20_1
6,8/7/20,RI20_1
7,8/7/20,RI20_1
8,8/7/20,RI20_1
9,8/7/20,RI20_1
10,8/7/20,RI20_1
11,8/7/20,RI20_1
12,8/7/20,RI20_1
13,8/7/20,RI20_1
14,8/7/20,RI20_1
15,8/7/20,RI20_1
16,8/7/20,RI20_1
17,8/7/20,RI20_1
18,8/7/20,RI20_1
19,8/7/20,RI20_1
20,8/7/20,RI20_1
21,8/7/20,RI20_1
22,8/7/20,RI20_1
23,8/7/20,RI20_1
0,8/8/20,RI20_1
1,8/8/20,RI20_1
2,8/8/20,RI20_1
3,8/8/20,RI20_1
4,8/8/20,RI20_1
5,8/8/20,RI20_1
6,8/8/20,RI20_1
7,8/8/20,RI20_1
8,8/8/20,RI20_1
9,8/8/20,RI20_1
10,8/8/20,RI20_1
11,8/8/20,RI20_1
12,8/8/20,RI20_1
13,8/8/20,RI20_1
14,8/8/20,RI20_1
15,8/8/20,RI20_1
16,8/8/20,RI20_1
17,8/8/20,RI20_1
18,8/8/20,RI20_1
19,8/8/20,RI20_1
20,8/8/20,RI20_1
21,8/8/20,RI20_1
22,8/8/20,RI20_1
23,8/8/20,RI20_1
0,8/9/20,RI20_1
1,8/9/20,RI20_1
2,8/9/20,RI20_1
3,8/9/20,RI20_1
4,8/9/20,RI20_1
5,8/9/20,RI20_1
6,8/9/20,RI20_1
7,8/9/20,RI20_1
8,8/9/20,RI20_1
9,8/9/20,RI20_1
10,8/9/20,RI20_1
11,8/9/20,RI20_1
12,8/9/20,RI20_1
13,8/9/20,RI20_1
14,8/9/20,RI20_1
15,8/9/20,RI20_1
16,8/9/20,RI20_1
17,8/9/20,RI20_1
18,8/9/20,RI20_1
19,8/9/20,RI20_1
20,8/9/20,RI20_1
21,8/9/20,RI20_1
22,8/9/20,RI20_1
23,8/9/20,RI20_1
0,8/10/20,RI20_1
1,8/10/20,RI20_1
2,8/10/20,RI20_1
3,8/10/20,RI20_1
4,8/10/20,RI20_1
5,8/10/20,RI20_1
6,8/10/20,RI20_1
7,8/10/20,RI20_1
8,8/10/20,RI20_1
9,8/10/20,RI20_1
10,8/10/20,RI20_1
11,8/10/20,RI20_1
12,8/10/20,RI20_1
13,8/10/20,RI20_1
14,8/10/20,RI20_1
15,8/10/20,RI20_1
16,8/10/20,RI20_1
17,8/10/20,RI20_1
18,8/10/20,RI20_1
19,8/10/20,RI20_1
20,8/10/20,RI20_1
21,8/10/20,RI20_1
22,8/10/20,RI20_1
23,8/10/20,RI20_1
0,8/11/20,RI20_1
1,8/11/20,RI20_1
2,8/11/20,RI20_1
3,8/11/20,RI20_1
4,8/11/20,RI20_1
5,8/11/20,RI20_1
6,8/11/20,RI20_1
7,8/11/20,RI20_1
8,8/11/20,RI20_1
9,8/11/20,RI20_1
10,8/11/20,RI20_1
11,8/11/20,RI20_1
12,8/11/20,RI20_1
13,8/11/20,RI20_1
14,8/11/20,RI20_1
15,8/11/20,RI20_1
16,8/11/20,RI20_1
17,8/11/20,RI20_1
18,8/11/20,RI20_1
19,8/11/20,RI20_1
20,8/11/20,RI20_1
21,8/11/20,RI20_1
22,8/11/20,RI20_1
23,8/11/20,RI20_1
0,8/12/20,RI20_1
1,8/12/20,RI20_1
2,8/12/20,RI20_1
3,8/12/20,RI20_1
4,8/12/20,RI20_1
5,8/12/20,RI20_1
6,8/12/20,RI20_1
7,8/12/20,RI20_1
8,8/12/20,RI20_1
9,8/12/20,RI20_1
10,8/12/20,RI20_1
11,8/12/20,RI20_1
12,8/12/20,RI20_1
13,8/12/20,RI20_1
14,8/12/20,RI20_1
15,8/12/20,RI20_1
16,8/12/20,RI20_1
17,8/12/20,RI20_1
18,8/12/20,RI20_1
19,8/12/20,RI20_1
20,8/12/20,RI20_1
21,8/12/20,RI20_1
22,8/12/20,RI20_1
23,8/12/20,RI20_1
0,8/13/20,RI20_1
1,8/13/20,RI20_1
2,8/13/20,RI20_1
3,8/13/20,RI20_1
4,8/13/20,RI20_1
5,8/13/20,RI20_1
6,8/13/20,RI20_1
7,8/13/20,RI20_1
8,8/13/20,RI20_1
9,8/13/20,RI20_1
10,8/13/20,RI20_1
11,8/13/20,RI20_1
12,8/13/20,RI20_1
13,8/13/20,RI20_1
14,8/13/20,RI20_1
15,8/13/20,RI20_1
16,8/13/20,RI20_1
17,8/13/20,RI20_1
18,8/13/20,RI20_1
19,8/13/20,RI20_1
20,8/13/20,RI20_1
21,8/13/20,RI20_1
22,8/13/20,RI20_1
23,8/13/20,RI20_1
0,8/14/20,RI20_1
1,8/14/20,RI20_1
2,8/14/20,RI20_1
3,8/14/20,RI20_1
4,8/14/20,RI20_1
5,8/14/20,RI20_1
6,8/14/20,RI20_1
7,8/14/20,RI20_1
8,8/14/20,RI20_1
9,8/14/20,RI20_1
10,8/14/20,RI20_1
11,8/14/20,RI20_1
12,8/14/20,RI20_1
13,8/14/20,RI20_1
14,8/14/20,RI20_1
15,8/14/20,RI20_1
16,8/14/20,RI20_1
17,8/14/20,RI20_1
18,8/14/20,RI20_1
19,8/14/20,RI20_1
20,8/14/20,RI20_1
21,8/14/20,RI20_1
22,8/14/20,RI20_1
23,8/14/20,RI20_1
0,8/15/20,RI20_1
1,8/15/20,RI20_1
2,8/15/20,RI20_1
3,8/15/20,RI20_1
4,8/15/20,RI20_1
5,8/15/20,RI20_1
6,8/15/20,RI20_1
7,8/15/20,RI20_1
8,8/15/20,RI20_1
9,8/15/20,RI20_1
10,8/15/20,RI20_1
11,8/15/20,RI20_1
12,8/15/20,RI20_1
13,8/15/20,RI20_1
14,8/15/20,RI20_1
15,8/15/20,RI20_1
16,8/15/20,RI20_1
17,8/15/20,RI20_1
18,8/15/20,RI20_1
19,8/15/20,RI20_1
20,8/15/20,RI20_1
21,8/15/20,RI20_1
22,8/15/20,RI20_1
23,8/15/20,RI20_1
0,8/16/20,RI20_1
1,8/16/20,RI20_1
2,8/16/20,RI20_1
3,8/16/20,RI20_1
4,8/16/20,RI20_1
5,8/16/20,RI20_1
6,8/16/20,RI20_1
7,8/16/20,RI20_1
8,8/16/20,RI20_1
9,8/16/20,RI20_1
10,8/16/20,RI20_1
11,8/16/20,RI20_1
12,8/16/20,RI20_1
13,8/16/20,RI20_1
14,8/16/20,RI20_1
15,8/16/20,RI20_1
16,8/16/20,RI20_1
17,8/16/20,RI20_1
18,8/16/20,RI20_1
19,8/16/20,RI20_1
20,8/16/20,RI20_1
21,8/16/20,RI20_1
22,8/16/20,RI20_1
23,8/16/20,RI20_1
0,8/17/20,RI20_1
1,8/17/20,RI20_1
2,8/17/20,RI20_1
3,8/17/20,RI20_1
4,8/17/20,RI20_1
5,8/17/20,RI20_1
6,8/17/20,RI20_1
7,8/17/20,RI20_1
8,8/17/20,RI20_1
9,8/17/20,RI20_1
10,8/17/20,RI20_1
11,8/17/20,RI20_1
12,8/17/20,RI20_1
13,8/17/20,RI20_1
14,8/17/20,RI20_1
15,8/17/20,RI20_1
16,8/17/20,RI20_1
17,8/17/20,RI20_1
18,8/17/20,RI20_1
19,8/17/20,RI20_1
20,8/17/20,RI20_1
21,8/17/20,RI20_1
22,8/17/20,RI20_1
23,8/17/20,RI20_1
0,8/18/20,RI20_1
1,8/18/20,RI20_1
2,8/18/20,RI20_1
3,8/18/20,RI20_1
4,8/18/20,RI20_1
5,8/18/20,RI20_1
6,8/18/20,RI20_1
7,8/18/20,RI20_1
8,8/18/20,RI20_1
15,7/22/20,RI20_2
16,7/22/20,RI20_2
17,7/22/20,RI20_2
18,7/22/20,RI20_2
19,7/22/20,RI20_2
20,7/22/20,RI20_2
21,7/22/20,RI20_2
22,7/22/20,RI20_2
23,7/22/20,RI20_2
0,7/23/20,RI20_2
1,7/23/20,RI20_2
2,7/23/20,RI20_2
3,7/23/20,RI20_2
4,7/23/20,RI20_2
5,7/23/20,RI20_2
6,7/23/20,RI20_2
7,7/23/20,RI20_2
8,7/23/20,RI20_2
9,7/23/20,RI20_2
10,7/23/20,RI20_2
11,7/23/20,RI20_2
12,7/23/20,RI20_2
13,7/23/20,RI20_2
14,7/23/20,RI20_2
15,7/23/20,RI20_2
16,7/23/20,RI20_2
17,7/23/20,RI20_2
18,7/23/20,RI20_2
19,7/23/20,RI20_2
20,7/23/20,RI20_2
21,7/23/20,RI20_2
22,7/23/20,RI20_2
23,7/23/20,RI20_2
0,7/24/20,RI20_2
1,7/24/20,RI20_2
2,7/24/20,RI20_2
3,7/24/20,RI20_2
4,7/24/20,RI20_2
5,7/24/20,RI20_2
6,7/24/20,RI20_2
7,7/24/20,RI20_2
8,7/24/20,RI20_2
9,7/24/20,RI20_2
10,7/24/20,RI20_2
11,7/24/20,RI20_2
12,7/24/20,RI20_2
13,7/24/20,RI20_2
14,7/24/20,RI20_2
15,7/24/20,RI20_2
16,7/24/20,RI20_2
17,7/24/20,RI20_2
18,7/24/20,RI20_2
19,7/24/20,RI20_2
20,7/24/20,RI20_2
21,7/24/20,RI20_2
22,7/24/20,RI20_2
23,7/24/20,RI20_2
0,7/25/20,RI20_2
1,7/25/20,RI20_2
2,7/25/20,RI20_2
3,7/25/20,RI20_2
4,7/25/20,RI20_2
5,7/25/20,RI20_2
6,7/25/20,RI20_2
7,7/25/20,RI20_2
8,7/25/20,RI20_2
9,7/25/20,RI20_2
10,7/25/20,RI20_2
11,7/25/20,RI20_2
12,7/25/20,RI20_2
13,7/25/20,RI20_2
14,7/25/20,RI20_2
15,7/25/20,RI20_2
16,7/25/20,RI20_2
17,7/25/20,RI20_2
18,7/25/20,RI20_2
19,7/25/20,RI20_2
20,7/25/20,RI20_2
21,7/25/20,RI20_2
22,7/25/20,RI20_2
23,7/25/20,RI20_2
0,7/26/20,RI20_2
1,7/26/20,RI20_2
2,7/26/20,RI20_2
3,7/26/20,RI20_2
4,7/26/20,RI20_2
5,7/26/20,RI20_2
6,7/26/20,RI20_2
7,7/26/20,RI20_2
8,7/26/20,RI20_2
9,7/26/20,RI20_2
10,7/26/20,RI20_2
11,7/26/20,RI20_2
12,7/26/20,RI20_2
13,7/26/20,RI20_2
14,7/26/20,RI20_2
15,7/26/20,RI20_2
16,7/26/20,RI20_2
17,7/26/20,RI20_2
18,7/26/20,RI20_2
19,7/26/20,RI20_2
20,7/26/20,RI20_2
21,7/26/20,RI20_2
22,7/26/20,RI20_2
23,7/26/20,RI20_2
0,7/27/20,RI20_2
1,7/27/20,RI20_2
2,7/27/20,RI20_2
3,7/27/20,RI20_2
4,7/27/20,RI20_2
5,7/27/20,RI20_2
6,7/27/20,RI20_2
7,7/27/20,RI20_2
8,7/27/20,RI20_2
9,7/27/20,RI20_2
10,7/27/20,RI20_2
11,7/27/20,RI20_2
12,7/27/20,RI20_2
13,7/27/20,RI20_2
14,7/27/20,RI20_2
15,7/27/20,RI20_2
16,7/27/20,RI20_2
17,7/27/20,RI20_2
18,7/27/20,RI20_2
19,7/27/20,RI20_2
20,7/27/20,RI20_2
21,7/27/20,RI20_2
22,7/27/20,RI20_2
23,7/27/20,RI20_2
0,7/28/20,RI20_2
1,7/28/20,RI20_2
2,7/28/20,RI20_2
3,7/28/20,RI20_2
4,7/28/20,RI20_2
5,7/28/20,RI20_2
6,7/28/20,RI20_2
7,7/28/20,RI20_2
8,7/28/20,RI20_2
9,7/28/20,RI20_2
10,7/28/20,RI20_2
11,7/28/20,RI20_2
12,7/28/20,RI20_2
13,7/28/20,RI20_2
14,7/28/20,RI20_2
15,7/28/20,RI20_2
16,7/28/20,RI20_2
17,7/28/20,RI20_2
18,7/28/20,RI20_2
19,7/28/20,RI20_2
20,7/28/20,RI20_2
21,7/28/20,RI20_2
22,7/28/20,RI20_2
23,7/28/20,RI20_2
0,7/29/20,RI20_2
1,7/29/20,RI20_2
2,7/29/20,RI20_2
3,7/29/20,RI20_2
4,7/29/20,RI20_2
5,7/29/20,RI20_2
6,7/29/20,RI20_2
7,7/29/20,RI20_2
8,7/29/20,RI20_2
9,7/29/20,RI20_2
10,7/29/20,RI20_2
11,7/29/20,RI20_2
12,7/29/20,RI20_2
13,7/29/20,RI20_2
14,7/29/20,RI20_2
15,7/29/20,RI20_2
16,7/29/20,RI20_2
17,7/29/20,RI20_2
18,7/29/20,RI20_2
19,7/29/20,RI20_2
20,7/29/20,RI20_2
21,7/29/20,RI20_2
22,7/29/20,RI20_2
23,7/29/20,RI20_2
0,7/30/20,RI20_2
1,7/30/20,RI20_2
2,7/30/20,RI20_2
3,7/30/20,RI20_2
4,7/30/20,RI20_2
5,7/30/20,RI20_2
6,7/30/20,RI20_2
7,7/30/20,RI20_2
8,7/30/20,RI20_2
9,7/30/20,RI20_2
10,7/30/20,RI20_2
11,7/30/20,RI20_2
12,7/30/20,RI20_2
13,7/30/20,RI20_2
14,7/30/20,RI20_2
15,7/30/20,RI20_2
16,7/30/20,RI20_2
17,7/30/20,RI20_2
18,7/30/20,RI20_2
19,7/30/20,RI20_2
20,7/30/20,RI20_2
21,7/30/20,RI20_2
22,7/30/20,RI20_2
23,7/30/20,RI20_2
0,7/31/20,RI20_2
1,7/31/20,RI20_2
2,7/31/20,RI20_2
3,7/31/20,RI20_2
4,7/31/20,RI20_2
5,7/31/20,RI20_2
6,7/31/20,RI20_2
7,7/31/20,RI20_2
8,7/31/20,RI20_2
9,7/31/20,RI20_2
10,7/31/20,RI20_2
11,7/31/20,RI20_2
12,7/31/20,RI20_2
13,7/31/20,RI20_2
14,7/31/20,RI20_2
15,7/31/20,RI20_2
16,7/31/20,RI20_2
17,7/31/20,RI20_2
18,7/31/20,RI20_2
19,7/31/20,RI20_2
20,7/31/20,RI20_2
21,7/31/20,RI20_2
22,7/31/20,RI20_2
23,7/31/20,RI20_2
0,8/1/20,RI20_2
1,8/1/20,RI20_2
2,8/1/20,RI20_2
3,8/1/20,RI20_2
4,8/1/20,RI20_2
5,8/1/20,RI20_2
6,8/1/20,RI20_2
7,8/1/20,RI20_2
8,8/1/20,RI20_2
9,8/1/20,RI20_2
10,8/1/20,RI20_2
11,8/1/20,RI20_2
12,8/1/20,RI20_2
13,8/1/20,RI20_2
14,8/1/20,RI20_2
15,8/1/20,RI20_2
16,8/1/20,RI20_2
17,8/1/20,RI20_2
18,8/1/20,RI20_2
19,8/1/20,RI20_2
20,8/1/20,RI20_2
21,8/1/20,RI20_2
22,8/1/20,RI20_2
23,8/1/20,RI20_2
0,8/2/20,RI20_2
1,8/2/20,RI20_2
2,8/2/20,RI20_2
3,8/2/20,RI20_2
4,8/2/20,RI20_2
5,8/2/20,RI20_2
6,8/2/20,RI20_2
7,8/2/20,RI20_2
8,8/2/20,RI20_2
9,8/2/20,RI20_2
10,8/2/20,RI20_2
11,8/2/20,RI20_2
12,8/2/20,RI20_2
13,8/2/20,RI20_2
14,8/2/20,RI20_2
15,8/2/20,RI20_2
16,8/2/20,RI20_2
17,8/2/20,RI20_2
18,8/2/20,RI20_2
19,8/2/20,RI20_2
20,8/2/20,RI20_2
21,8/2/20,RI20_2
22,8/2/20,RI20_2
23,8/2/20,RI20_2
0,8/3/20,RI20_2
1,8/3/20,RI20_2
2,8/3/20,RI20_2
3,8/3/20,RI20_2
4,8/3/20,RI20_2
5,8/3/20,RI20_2
6,8/3/20,RI20_2
7,8/3/20,RI20_2
8,8/3/20,RI20_2
9,8/3/20,RI20_2
10,8/3/20,RI20_2
11,8/3/20,RI20_2
12,8/3/20,RI20_2
13,8/3/20,RI20_2
14,8/3/20,RI20_2
15,8/3/20,RI20_2
16,8/3/20,RI20_2
17,8/3/20,RI20_2
18,8/3/20,RI20_2
19,8/3/20,RI20_2
20,8/3/20,RI20_2
21,8/3/20,RI20_2
22,8/3/20,RI20_2
23,8/3/20,RI20_2
0,8/4/20,RI20_2
1,8/4/20,RI20_2
2,8/4/20,RI20_2
3,8/4/20,RI20_2
4,8/4/20,RI20_2
5,8/4/20,RI20_2
6,8/4/20,RI20_2
7,8/4/20,RI20_2
8,8/4/20,RI20_2
9,8/4/20,RI20_2
10,8/4/20,RI20_2
11,8/4/20,RI20_2
12,8/4/20,RI20_2
13,8/4/20,RI20_2
14,8/4/20,RI20_2
15,8/4/20,RI20_2
16,8/4/20,RI20_2
17,8/4/20,RI20_2
18,8/4/20,RI20_2
19,8/4/20,RI20_2
20,8/4/20,RI20_2
21,8/4/20,RI20_2
22,8/4/20,RI20_2
23,8/4/20,RI20_2
0,8/5/20,RI20_2
1,8/5/20,RI20_2
2,8/5/20,RI20_2
3,8/5/20,RI20_2
4,8/5/20,RI20_2
5,8/5/20,RI20_2
6,8/5/20,RI20_2
7,8/5/20,RI20_2
8,8/5/20,RI20_2
9,8/5/20,RI20_2
10,8/5/20,RI20_2
11,8/5/20,RI20_2
12,8/5/20,RI20_2
13,8/5/20,RI20_2
14,8/5/20,RI20_2
15,8/5/20,RI20_2
16,8/5/20,RI20_2
17,8/5/20,RI20_2
18,8/5/20,RI20_2
19,8/5/20,RI20_2
20,8/5/20,RI20_2
21,8/5/20,RI20_2
22,8/5/20,RI20_2
23,8/5/20,RI20_2
0,8/6/20,RI20_2
1,8/6/20,RI20_2
2,8/6/20,RI20_2
3,8/6/20,RI20_2
4,8/6/20,RI20_2
5,8/6/20,RI20_2
6,8/6/20,RI20_2
7,8/6/20,RI20_2
8,8/6/20,RI20_2
9,8/6/20,RI20_2
10,8/6/20,RI20_2
11,8/6/20,RI20_2
12,8/6/20,RI20_2
13,8/6/20,RI20_2
14,8/6/20,RI20_2
15,8/6/20,RI20_2
16,8/6/20,RI20_2
17,8/6/20,RI20_2
18,8/6/20,RI20_2
19,8/6/20,RI20_2
20,8/6/20,RI20_2
21,8/6/20,RI20_2
22,8/6/20,RI20_2
23,8/6/20,RI20_2
0,8/7/20,RI20_2
1,8/7/20,RI20_2
2,8/7/20,RI20_2
3,8/7/20,RI20_2
4,8/7/20,RI20_2
5,8/7/20,RI20_2
6,8/7/20,RI20_2
7,8/7/20,RI20_2
8,8/7/20,RI20_2
9,8/7/20,RI20_2
10,8/7/20,RI20_2
11,8/7/20,RI20_2
12,8/7/20,RI20_2
13,8/7/20,RI20_2
14,8/7/20,RI20_2
15,8/7/20,RI20_2
16,8/7/20,RI20_2
17,8/7/20,RI20_2
18,8/7/20,RI20_2
19,8/7/20,RI20_2
20,8/7/20,RI20_2
21,8/7/20,RI20_2
22,8/7/20,RI20_2
23,8/7/20,RI20_2
0,8/8/20,RI20_2
1,8/8/20,RI20_2
2,8/8/20,RI20_2
3,8/8/20,RI20_2
4,8/8/20,RI20_2
5,8/8/20,RI20_2
6,8/8/20,RI20_2
7,8/8/20,RI20_2
8,8/8/20,RI20_2
9,8/8/20,RI20_2
10,8/8/20,RI20_2
11,8/8/20,RI20_2
12,8/8/20,RI20_2
13,8/8/20,RI20_2
14,8/8/20,RI20_2
15,8/8/20,RI20_2
16,8/8/20,RI20_2
17,8/8/20,RI20_2
18,8/8/20,RI20_2
19,8/8/20,RI20_2
20,8/8/20,RI20_2
21,8/8/20,RI20_2
22,8/8/20,RI20_2
23,8/8/20,RI20_2
0,8/9/20,RI20_2
1,8/9/20,RI20_2
2,8/9/20,RI20_2
3,8/9/20,RI20_2
4,8/9/20,RI20_2
5,8/9/20,RI20_2
6,8/9/20,RI20_2
7,8/9/20,RI20_2
8,8/9/20,RI20_2
9,8/9/20,RI20_2
10,8/9/20,RI20_2
11,8/9/20,RI20_2
12,8/9/20,RI20_2
13,8/9/20,RI20_2
14,8/9/20,RI20_2
15,8/9/20,RI20_2
16,8/9/20,RI20_2
17,8/9/20,RI20_2
18,8/9/20,RI20_2
19,8/9/20,RI20_2
20,8/9/20,RI20_2
21,8/9/20,RI20_2
22,8/9/20,RI20_2
23,8/9/20,RI20_2
0,8/10/20,RI20_2
1,8/10/20,RI20_2
2,8/10/20,RI20_2
3,8/10/20,RI20_2
4,8/10/20,RI20_2
5,8/10/20,RI20_2
6,8/10/20,RI20_2
7,8/10/20,RI20_2
8,8/10/20,RI20_2
9,8/10/20,RI20_2
10,8/10/20,RI20_2
11,8/10/20,RI20_2
12,8/10/20,RI20_2
13,8/10/20,RI20_2
14,8/10/20,RI20_2
15,8/10/20,RI20_2
16,8/10/20,RI20_2
17,8/10/20,RI20_2
18,8/10/20,RI20_2
19,8/10/20,RI20_2
20,8/10/20,RI20_2
21,8/10/20,RI20_2
22,8/10/20,RI20_2
23,8/10/20,RI20_2
0,8/11/20,RI20_2
1,8/11/20,RI20_2
2,8/11/20,RI20_2
3,8/11/20,RI20_2
4,8/11/20,RI20_2
5,8/11/20,RI20_2
6,8/11/20,RI20_2
7,8/11/20,RI20_2
8,8/11/20,RI20_2
9,8/11/20,RI20_2
10,8/11/20,RI20_2
11,8/11/20,RI20_2
12,8/11/20,RI20_2
13,8/11/20,RI20_2
14,8/11/20,RI20_2
15,8/11/20,RI20_2
16,8/11/20,RI20_2
17,8/11/20,RI20_2
18,8/11/20,RI20_2
19,8/11/20,RI20_2
20,8/11/20,RI20_2
21,8/11/20,RI20_2
22,8/11/20,RI20_2
23,8/11/20,RI20_2
0,8/12/20,RI20_2
1,8/12/20,RI20_2
2,8/12/20,RI20_2
3,8/12/20,RI20_2
4,8/12/20,RI20_2
5,8/12/20,RI20_2
6,8/12/20,RI20_2
7,8/12/20,RI20_2
8,8/12/20,RI20_2
9,8/12/20,RI20_2
10,8/12/20,RI20_2
11,8/12/20,RI20_2
12,8/12/20,RI20_2
13,8/12/20,RI20_2
14,8/12/20,RI20_2
15,8/12/20,RI20_2
16,8/12/20,RI20_2
17,8/12/20,RI20_2
18,8/12/20,RI20_2
19,8/12/20,RI20_2
20,8/12/20,RI20_2
21,8/12/20,RI20_2
22,8/12/20,RI20_2
23,8/12/20,RI20_2
0,8/13/20,RI20_2
1,8/13/20,RI20_2
2,8/13/20,RI20_2
3,8/13/20,RI20_2
4,8/13/20,RI20_2
5,8/13/20,RI20_2
6,8/13/20,RI20_2
7,8/13/20,RI20_2
8,8/13/20,RI20_2
9,8/13/20,RI20_2
10,8/13/20,RI20_2
11,8/13/20,RI20_2
12,8/13/20,RI20_2
13,8/13/20,RI20_2
14,8/13/20,RI20_2
15,8/13/20,RI20_2
16,8/13/20,RI20_2
17,8/13/20,RI20_2
18,8/13/20,RI20_2
19,8/13/20,RI20_2
20,8/13/20,RI20_2
21,8/13/20,RI20_2
22,8/13/20,RI20_2
23,8/13/20,RI20_2
0,8/14/20,RI20_2
1,8/14/20,RI20_2
2,8/14/20,RI20_2
3,8/14/20,RI20_2
4,8/14/20,RI20_2
5,8/14/20,RI20_2
6,8/14/20,RI20_2
7,8/14/20,RI20_2
8,8/14/20,RI20_2
9,8/14/20,RI20_2
10,8/14/20,RI20_2
11,8/14/20,RI20_2
12,8/14/20,RI20_2
13,8/14/20,RI20_2
14,8/14/20,RI20_2
15,8/14/20,RI20_2
16,8/14/20,RI20_2
17,8/14/20,RI20_2
18,8/14/20,RI20_2
19,8/14/20,RI20_2
20,8/14/20,RI20_2
21,8/14/20,RI20_2
22,8/14/20,RI20_2
23,8/14/20,RI20_2
0,8/15/20,RI20_2
1,8/15/20,RI20_2
2,8/15/20,RI20_2
3,8/15/20,RI20_2
4,8/15/20,RI20_2
5,8/15/20,RI20_2
6,8/15/20,RI20_2
7,8/15/20,RI20_2
8,8/15/20,RI20_2
9,8/15/20,RI20_2
10,8/15/20,RI20_2
11,8/15/20,RI20_2
12,8/15/20,RI20_2
13,8/15/20,RI20_2
14,8/15/20,RI20_2
15,8/15/20,RI20_2
16,8/15/20,RI20_2
17,8/15/20,RI20_2
18,8/15/20,RI20_2
19,8/15/20,RI20_2
20,8/15/20,RI20_2
21,8/15/20,RI20_2
22,8/15/20,RI20_2
23,8/15/20,RI20_2
0,8/16/20,RI20_2
1,8/16/20,RI20_2
2,8/16/20,RI20_2
3,8/16/20,RI20_2
4,8/16/20,RI20_2
5,8/16/20,RI20_2
6,8/16/20,RI20_2
7,8/16/20,RI20_2
8,8/16/20,RI20_2
9,8/16/20,RI20_2
10,8/16/20,RI20_2
11,8/16/20,RI20_2
12,8/16/20,RI20_2
13,8/16/20,RI20_2
14,8/16/20,RI20_2
15,8/16/20,RI20_2
16,8/16/20,RI20_2
17,8/16/20,RI20_2
18,8/16/20,RI20_2
19,8/16/20,RI20_2
20,8/16/20,RI20_2
21,8/16/20,RI20_2
22,8/16/20,RI20_2
23,8/16/20,RI20_2
0,8/17/20,RI20_2
1,8/17/20,RI20_2
2,8/17/20,RI20_2
3,8/17/20,RI20_2
4,8/17/20,RI20_2
5,8/17/20,RI20_2
6,8/17/20,RI20_2
7,8/17/20,RI20_2
8,8/17/20,RI20_2
9,8/17/20,RI20_2
10,8/17/20,RI20_2
11,8/17/20,RI20_2
12,8/17/20,RI20_2
13,8/17/20,RI20_2
14,8/17/20,RI20_2
15,8/17/20,RI20_2
16,8/17/20,RI20_2
17,8/17/20,RI20_2
18,8/17/20,RI20_2
19,8/17/20,RI20_2
20,8/17/20,RI20_2
21,8/17/20,RI20_2
22,8/17/20,RI20_2
23,8/17/20,RI20_2
0,8/18/20,RI20_2
1,8/18/20,RI20_2
2,8/18/20,RI20_2
3,8/18/20,RI20_2
4,8/18/20,RI20_2
5,8/18/20,RI20_2
6,8/18/20,RI20_2
7,8/18/20,RI20_2
8,8/18/20,RI20_2
11,8/31/21,RI21
12,8/31/21,RI21
13,8/31/21,RI21
14,8/31/21,RI21
15,8/31/21,RI21
16,8/31/21,RI21
17,8/31/21,RI21
18,8/31/21,RI21
19,8/31/21,RI21
20,8/31/21,RI21
21,8/31/21,RI21
22,8/31/21,RI21
23,8/31/21,RI21
0,9/1/21,RI21
1,9/1/21,RI21
2,9/1/21,RI21
3,9/1/21,RI21
4,9/1/21,RI21
5,9/1/21,RI21
6,9/1/21,RI21
7,9/1/21,RI21
8,9/1/21,RI21
9,9/1/21,RI21
10,9/1/21,RI21
11,9/1/21,RI21
12,9/1/21,RI21
13,9/1/21,RI21
14,9/1/21,RI21
15,9/1/21,RI21
16,9/1/21,RI21
17,9/1/21,RI21
18,9/1/21,RI21
19,9/1/21,RI21
20,9/1/21,RI21
21,9/1/21,RI21
22,9/1/21,RI21
23,9/1/21,RI21
0,9/2/21,RI21
1,9/2/21,RI21
2,9/2/21,RI21
3,9/2/21,RI21
4,9/2/21,RI21
5,9/2/21,RI21
6,9/2/21,RI21
7,9/2/21,RI21
8,9/2/21,RI21
9,9/2/21,RI21
10,9/2/21,RI21
11,9/2/21,RI21
12,9/2/21,RI21
13,9/2/21,RI21
14,9/2/21,RI21
15,9/2/21,RI21
16,9/2/21,RI21
17,9/2/21,RI21
18,9/2/21,RI21
19,9/2/21,RI21
20,9/2/21,RI21
21,9/2/21,RI21
22,9/2/21,RI21
23,9/2/21,RI21
0,9/3/21,RI21
1,9/3/21,RI21
2,9/3/21,RI21
3,9/3/21,RI21
4,9/3/21,RI21
5,9/3/21,RI21
6,9/3/21,RI21
7,9/3/21,RI21
8,9/3/21,RI21
9,9/3/21,RI21
10,9/3/21,RI21
11,9/3/21,RI21
12,9/3/21,RI21
13,9/3/21,RI21
14,9/3/21,RI21
15,9/3/21,RI21
16,9/3/21,RI21
17,9/3/21,RI21
18,9/3/21,RI21
19,9/3/21,RI21
20,9/3/21,RI21
21,9/3/21,RI21
22,9/3/21,RI21
23,9/3/21,RI21
0,9/4/21,RI21
1,9/4/21,RI21
2,9/4/21,RI21
3,9/4/21,RI21
4,9/4/21,RI21
5,9/4/21,RI21
6,9/4/21,RI21
7,9/4/21,RI21
8,9/4/21,RI21
9,9/4/21,RI21
10,9/4/21,RI21
11,9/4/21,RI21
12,9/4/21,RI21
13,9/4/21,RI21
14,9/4/21,RI21
15,9/4/21,RI21
16,9/4/21,RI21
17,9/4/21,RI21
18,9/4/21,RI21
19,9/4/21,RI21
20,9/4/21,RI21
21,9/4/21,RI21
22,9/4/21,RI21
23,9/4/21,RI21
0,9/5/21,RI21
1,9/5/21,RI21
2,9/5/21,RI21
3,9/5/21,RI21
4,9/5/21,RI21
5,9/5/21,RI21
6,9/5/21,RI21
7,9/5/21,RI21
8,9/5/21,RI21
9,9/5/21,RI21
10,9/5/21,RI21
11,9/5/21,RI21
12,9/5/21,RI21
13,9/5/21,RI21
14,9/5/21,RI21
15,9/5/21,RI21
16,9/5/21,RI21
17,9/5/21,RI21
18,9/5/21,RI21
19,9/5/21,RI21
20,9/5/21,RI21
21,9/5/21,RI21
22,9/5/21,RI21
23,9/5/21,RI21
0,9/6/21,RI21
1,9/6/21,RI21
2,9/6/21,RI21
3,9/6/21,RI21
4,9/6/21,RI21
5,9/6/21,RI21
6,9/6/21,RI21
7,9/6/21,RI21
8,9/6/21,RI21
9,9/6/21,RI21
10,9/6/21,RI21
11,9/6/21,RI21
12,9/6/21,RI21
13,9/6/21,RI21
14,9/6/21,RI21
15,9/6/21,RI21
16,9/6/21,RI21
17,9/6/21,RI21
18,9/6/21,RI21
19,9/6/21,RI21
20,9/6/21,RI21
21,9/6/21,RI21
22,9/6/21,RI21
23,9/6/21,RI21
0,9/7/21,RI21
1,9/7/21,RI21
2,9/7/21,RI21
3,9/7/21,RI21
4,9/7/21,RI21
5,9/7/21,RI21
6,9/7/21,RI21
7,9/7/21,RI21
8,9/7/21,RI21
9,9/7/21,RI21
10,9/7/21,RI21
11,9/7/21,RI21
12,9/7/21,RI21
13,9/7/21,RI21
14,9/7/21,RI21
15,9/7/21,RI21
16,9/7/21,RI21
17,9/7/21,RI21
18,9/7/21,RI21
19,9/7/21,RI21
20,9/7/21,RI21
21,9/7/21,RI21
22,9/7/21,RI21
23,9/7/21,RI21
0,9/8/21,RI21
1,9/8/21,RI21
2,9/8/21,RI21
3,9/8/21,RI21
4,9/8/21,RI21
5,9/8/21,RI21
6,9/8/21,RI21
7,9/8/21,RI21
8,9/8/21,RI21
9,9/8/21,RI21
10,9/8/21,RI21
11,9/8/21,RI21
12,9/8/21,RI21
13,9/8/21,RI21
14,9/8/21,RI21
15,9/8/21,RI21
16,9/8/21,RI21
17,9/8/21,RI21
18,9/8/21,RI21
19,9/8/21,RI21
20,9/8/21,RI21
21,9/8/21,RI21
22,9/8/21,RI21
23,9/8/21,RI21
0,9/9/21,RI21
1,9/9/21,RI21
2,9/9/21,RI21
3,9/9/21,RI21
4,9/9/21,RI21
5,9/9/21,RI21
6,9/9/21,RI21
7,9/9/21,RI21
8,9/9/21,RI21
9,9/9/21,RI21
10,9/9/21,RI21
11,9/9/21,RI21
12,9/9/21,RI21
13,9/9/21,RI21
14,9/9/21,RI21
15,9/9/21,RI21
16,9/9/21,RI21
17,9/9/21,RI21
18,9/9/21,RI21
19,9/9/21,RI21
20,9/9/21,RI21
21,9/9/21,RI21
22,9/9/21,RI21
23,9/9/21,RI21
0,9/10/21,RI21
1,9/10/21,RI21
2,9/10/21,RI21
3,9/10/21,RI21
4,9/10/21,RI21
5,9/10/21,RI21
6,9/10/21,RI21
7,9/10/21,RI21
8,9/10/21,RI21
9,9/10/21,RI21
10,9/10/21,RI21
11,9/10/21,RI21
12,9/10/21,RI21
13,9/10/21,RI21
14,9/10/21,RI21
15,9/10/21,RI21
16,9/10/21,RI21
17,9/10/21,RI21
18,9/10/21,RI21
19,9/10/21,RI21
20,9/10/21,RI21
21,9/10/21,RI21
22,9/10/21,RI21
23,9/10/21,RI21
0,9/11/21,RI21
1,9/11/21,RI21
2,9/11/21,RI21
3,9/11/21,RI21
4,9/11/21,RI21
5,9/11/21,RI21
6,9/11/21,RI21
7,9/11/21,RI21
8,9/11/21,RI21
9,9/11/21,RI21
10,9/11/21,RI21
11,9/11/21,RI21
12,9/11/21,RI21
13,9/11/21,RI21
14,9/11/21,RI21
15,9/11/21,RI21
16,9/11/21,RI21
17,9/11/21,RI21
18,9/11/21,RI21
19,9/11/21,RI21
20,9/11/21,RI21
21,9/11/21,RI21
22,9/11/21,RI21
23,9/11/21,RI21
0,9/12/21,RI21
1,9/12/21,RI21
2,9/12/21,RI21
3,9/12/21,RI21
4,9/12/21,RI21
5,9/12/21,RI21
6,9/12/21,RI21
7,9/12/21,RI21
8,9/12/21,RI21
9,9/12/21,RI21
10,9/12/21,RI21
11,9/12/21,RI21
12,9/12/21,RI21
13,9/12/21,RI21
14,9/12/21,RI21
15,9/12/21,RI21
16,9/12/21,RI21
17,9/12/21,RI21
18,9/12/21,RI21
19,9/12/21,RI21
20,9/12/21,RI21
21,9/12/21,RI21
22,9/12/21,RI21
23,9/12/21,RI21
0,9/13/21,RI21
1,9/13/21,RI21
2,9/13/21,RI21
3,9/13/21,RI21
4,9/13/21,RI21
5,9/13/21,RI21
6,9/13/21,RI21
7,9/13/21,RI21
8,9/13/21,RI21
9,9/13/21,RI21
10,9/13/21,RI21
11,9/13/21,RI21
12,9/13/21,RI21
13,9/13/21,RI21
14,9/13/21,RI21
15,9/13/21,RI21
16,9/13/21,RI21
17,9/13/21,RI21
18,9/13/21,RI21
19,9/13/21,RI21
20,9/13/21,RI21
21,9/13/21,RI21
22,9/13/21,RI21
23,9/13/21,RI21
0,9/14/21,RI21
1,9/14/21,RI21
2,9/14/21,RI21
3,9/14/21,RI21
4,9/14/21,RI21
5,9/14/21,RI21
6,9/14/21,RI21
7,9/14/21,RI21
8,9/14/21,RI21
9,9/14/21,RI21
10,9/14/21,RI21
11,9/14/21,RI21
12,9/14/21,RI21
13,9/14/21,RI21
14,9/14/21,RI21
15,9/14/21,RI21
16,9/14/21,RI21
17,9/14/21,RI21
18,9/14/21,RI21
19,9/14/21,RI21
20,9/14/21,RI21
21,9/14/21,RI21
22,9/14/21,RI21
23,9/14/21,RI21
0,9/15/21,RI21
1,9/15/21,RI21
2,9/15/21,RI21
3,9/15/21,RI21
4,9/15/21,RI21
5,9/15/21,RI21
6,9/15/21,RI21
7,9/15/21,RI21
8,9/15/21,RI21
9,9/15/21,RI21
10,9/15/21,RI21
11,9/15/21,RI21
12,9/15/21,RI21
13,9/15/21,RI21
14,9/15/21,RI21
15,9/15/21,RI21
16,9/15/21,RI21
17,9/15/21,RI21
18,9/15/21,RI21
19,9/15/21,RI21
20,9/15/21,RI21
21,9/15/21,RI21
22,9/15/21,RI21
23,9/15/21,RI21
0,9/16/21,RI21
1,9/16/21,RI21
2,9/16/21,RI21
3,9/16/21,RI21
4,9/16/21,RI21
5,9/16/21,RI21
6,9/16/21,RI21
7,9/16/21,RI21
8,9/16/21,RI21
9,9/16/21,RI21
10,9/16/21,RI21
11,9/16/21,RI21
12,9/16/21,RI21
13,9/16/21,RI21
14,9/16/21,RI21
15,9/16/21,RI21
16,9/16/21,RI21
17,9/16/21,RI21
18,9/16/21,RI21
19,9/16/21,RI21
20,9/16/21,RI21
21,9/16/21,RI21
22,9/16/21,RI21
23,9/16/21,RI21
0,9/17/21,RI21
1,9/17/21,RI21
2,9/17/21,RI21
3,9/17/21,RI21
4,9/17/21,RI21
5,9/17/21,RI21
6,9/17/21,RI21
7,9/17/21,RI21
8,9/17/21,RI21
9,9/17/21,RI21
10,9/17/21,RI21
11,9/17/21,RI21
12,9/17/21,RI21
13,9/17/21,RI21
14,9/17/21,RI21
15,9/17/21,RI21
16,9/17/21,RI21
17,9/17/21,RI21
18,9/17/21,RI21
19,9/17/21,RI21
20,9/17/21,RI21
21,9/17/21,RI21
22,9/17/21,RI21
23,9/17/21,RI21
0,9/18/21,RI21
1,9/18/21,RI21
2,9/18/21,RI21
3,9/18/21,RI21
4,9/18/21,RI21
5,9/18/21,RI21
6,9/18/21,RI21
7,9/18/21,RI21
8,9/18/21,RI21
9,9/18/21,RI21
10,9/18/21,RI21
11,9/18/21,RI21
12,9/18/21,RI21
13,9/18/21,RI21
14,9/18/21,RI21
15,9/18/21,RI21
16,9/18/21,RI21
17,9/18/21,RI21
18,9/18/21,RI21
19,9/18/21,RI21
20,9/18/21,RI21
21,9/18/21,RI21
22,9/18/21,RI21
23,9/18/21,RI21
0,9/19/21,RI21
1,9/19/21,RI21
2,9/19/21,RI21
3,9/19/21,RI21
4,9/19/21,RI21
5,9/19/21,RI21
6,9/19/21,RI21
7,9/19/21,RI21
8,9/19/21,RI21
9,9/19/21,RI21
10,9/19/21,RI21
11,9/19/21,RI21
12,9/19/21,RI21
13,9/19/21,RI21
14,9/19/21,RI21
15,9/19/21,RI21
16,9/19/21,RI21
17,9/19/21,RI21
18,9/19/21,RI21
19,9/19/21,RI21
20,9/19/21,RI21
21,9/19/21,RI21
22,9/19/21,RI21
23,9/19/21,RI21
0,9/20/21,RI21
1,9/20/21,RI21
2,9/20/21,RI21
3,9/20/21,RI21
4,9/20/21,RI21
5,9/20/21,RI21
6,9/20/21,RI21
7,9/20/21,RI21
8,9/20/21,RI21
9,9/20/21,RI21
10,9/20/21,RI21
11,9/20/21,RI21
12,9/20/21,RI21
13,9/20/21,RI21
14,9/20/21,RI21
15,9/20/21,RI21
16,9/20/21,RI21
17,9/20/21,RI21
18,9/20/21,RI21
19,9/20/21,RI21
20,9/20/21,RI21
21,9/20/21,RI21
22,9/20/21,RI21
23,9/20/21,RI21
0,9/21/21,RI21
1,9/21/21,RI21
2,9/21/21,RI21
3,9/21/21,RI21
4,9/21/21,RI21
5,9/21/21,RI21
6,9/21/21,RI21
7,9/21/21,RI21
8,9/21/21,RI21
9,9/21/21,RI21
10,9/21/21,RI21
11,9/21/21,RI21
12,9/21/21,RI21
13,9/21/21,RI21
14,9/21/21,RI21
15,9/21/21,RI21
16,9/21/21,RI21
17,9/21/21,RI21
18,9/21/21,RI21
19,9/21/21,RI21
20,9/21/21,RI21
21,9/21/21,RI21
22,9/21/21,RI21
23,9/21/21,RI21
0,9/22/21,RI21
1,9/22/21,RI21
2,9/22/21,RI21
3,9/22/21,RI21
4,9/22/21,RI21
5,9/22/21,RI21
6,9/22/21,RI21
7,9/22/21,RI21
8,9/22/21,RI21
9,9/22/21,RI21
10,9/22/21,RI21
11,9/22/21,RI21
12,9/22/21,RI21
13,9/22/21,RI21
14,9/22/21,RI21
15,9/22/21,RI21
16,9/22/21,RI21
17,9/22/21,RI21
18,9/22/21,RI21
19,9/22/21,RI21
20,9/22/21,RI21
21,9/22/21,RI21
22,9/22/21,RI21
23,9/22/21,RI21
0,9/23/21,RI21
1,9/23/21,RI21
2,9/23/21,RI21
3,9/23/21,RI21
4,9/23/21,RI21
5,9/23/21,RI21
6,9/23/21,RI21
7,9/23/21,RI21
8,9/23/21,RI21
9,9/23/21,RI21
10,9/23/21,RI21
11,9/23/21,RI21
12,9/23/21,RI21
13,9/23/21,RI21
14,9/23/21,RI21
15,9/23/21,RI21
16,9/23/21,RI21
17,9/23/21,RI21
18,9/23/21,RI21
19,9/23/21,RI21
20,9/23/21,RI21
21,9/23/21,RI21
22,9/23/21,RI21
23,9/23/21,RI21
0,9/24/21,RI21
1,9/24/21,RI21
2,9/24/21,RI21
3,9/24/21,RI21
4,9/24/21,RI21
5,9/24/21,RI21
6,9/24/21,RI21
7,9/24/21,RI21
8,9/24/21,RI21
9,9/24/21,RI21
10,9/24/21,RI21
11,9/24/21,RI21
12,9/24/21,RI21
13,9/24/21,RI21
14,9/24/21,RI21
15,9/24/21,RI21
16,9/24/21,RI21
17,9/24/21,RI21
18,9/24/21,RI21
19,9/24/21,RI21
20,9/24/21,RI21
21,9/24/21,RI21
22,9/24/21,RI21
23,9/24/21,RI21
0,9/25/21,RI21
1,9/25/21,RI21
2,9/25/21,RI21
3,9/25/21,RI21
4,9/25/21,RI21
5,9/25/21,RI21
6,9/25/21,RI21
7,9/25/21,RI21
8,9/25/21,RI21
9,9/25/21,RI21
10,9/25/21,RI21
11,9/25/21,RI21
12,9/25/21,RI21
13,9/25/21,RI21
14,9/25/21,RI21
15,9/25/21,RI21
16,9/25/21,RI21
17,9/25/21,RI21
18,9/25/21,RI21
19,9/25/21,RI21
20,9/25/21,RI21
21,9/25/21,RI21
22,9/25/21,RI21
23,9/25/21,RI21
0,9/26/21,RI21
1,9/26/21,RI21
2,9/26/21,RI21
3,9/26/21,RI21
4,9/26/21,RI21
5,9/26/21,RI21
6,9/26/21,RI21
7,9/26/21,RI21
8,9/26/21,RI21
9,9/26/21,RI21
10,9/26/21,RI21
11,9/26/21,RI21
12,9/26/21,RI21
13,9/26/21,RI21
14,9/26/21,RI21
15,9/26/21,RI21
16,9/26/21,RI21
17,9/26/21,RI21
18,9/26/21,RI21
19,9/26/21,RI21
20,9/26/21,RI21
21,9/26/21,RI21
22,9/26/21,RI21
23,9/26/21,RI21
0,9/27/21,RI21
1,9/27/21,RI21
2,9/27/21,RI21
3,9/27/21,RI21
4,9/27/21,RI21
5,9/27/21,RI21
6,9/27/21,RI21
7,9/27/21,RI21
8,9/27/21,RI21
9,9/27/21,RI21
10,9/27/21,RI21
11,9/27/21,RI21
12,9/27/21,RI21
13,9/27/21,RI21
14,9/27/21,RI21
15,9/27/21,RI21
16,9/27/21,RI21
17,9/27/21,RI21
18,9/27/21,RI21
19,9/27/21,RI21
20,9/27/21,RI21
21,9/27/21,RI21
22,9/27/21,RI21
23,9/27/21,RI21
0,9/28/21,RI21
1,9/28/21,RI21
2,9/28/21,RI21
3,9/28/21,RI21
4,9/28/21,RI21
5,9/28/21,RI21
6,9/28/21,RI21
7,9/28/21,RI21
8,9/28/21,RI21
9,9/28/21,RI21
10,9/28/21,RI21
11,9/28/21,RI21
12,9/28/21,RI21
13,9/28/21,RI21
14,9/28/21,RI21
15,9/28/21,RI21
16,9/28/21,RI21
17,9/28/21,RI21
18,9/28/21,RI21
19,9/28/21,RI21
20,9/28/21,RI21
21,9/28/21,RI21
22,9/28/21,RI21
23,9/28/21,RI21
0,9/29/21,RI21
1,9/29/21,RI21
2,9/29/21,RI21
3,9/29/21,RI21
4,9/29/21,RI21
5,9/29/21,RI21
6,9/29/21,RI21
7,9/29/21,RI21
8,9/29/21,RI21
9,9/29/21,RI21
10,9/29/21,RI21
11,9/29/21,RI21
12,9/29/21,RI21
13,9/29/21,RI21
14,9/29/21,RI21
15,9/29/21,RI21
16,9/29/21,RI21
17,9/29/21,RI21
18,9/29/21,RI21
19,9/29/21,RI21
20,9/29/21,RI21
21,9/29/21,RI21
22,9/29/21,RI21
23,9/29/21,RI21
0,9/30/21,RI21
1,9/30/21,RI21
2,9/30/21,RI21
3,9/30/21,RI21
4,9/30/21,RI21
5,9/30/21,RI21
6,9/30/21,RI21
7,9/30/21,RI21
8,9/30/21,RI21
9,9/30/21,RI21
10,9/30/21,RI21
11,9/30/21,RI21
12,9/30/21,RI21
13,9/30/21,RI21
14,9/30/21,RI21
15,9/30/21,RI21
16,9/30/21,RI21
17,9/30/21,RI21
18,9/30/21,RI21
19,9/30/21,RI21
20,9/30/21,RI21
21,9/30/21,RI21
22,9/30/21,RI21
23,9/30/21,RI21
0,10/1/21,RI21
1,10/1/21,RI21
2,10/1/21,RI21
3,10/1/21,RI21
4,10/1/21,RI21
5,10/1/21,RI21
6,10/1/21,RI21
7,10/1/21,RI21
8,10/1/21,RI21
9,10/1/21,RI21
10,10/1/21,RI21
11,10/1/21,RI21
12,10/1/21,RI21
13,10/1/21,RI21
14,10/1/21,RI21
15,10/1/21,RI21
16,10/1/21,RI21
17,10/1/21,RI21
18,10/1/21,RI21
19,10/1/21,RI21
20,10/1/21,RI21
21,10/1/21,RI21
22,10/1/21,RI21
23,10/1/21,RI21
0,10/2/21,RI21
1,10/2/21,RI21
2,10/2/21,RI21
3,10/2/21,RI21
4,10/2/21,RI21
5,10/2/21,RI21
6,10/2/21,RI21
7,10/2/21,RI21
8,10/2/21,RI21
9,10/2/21,RI21
10,10/2/21,RI21
11,10/2/21,RI21
12,10/2/21,RI21
13,10/2/21,RI21
14,10/2/21,RI21
15,10/2/21,RI21
16,10/2/21,RI21
17,10/2/21,RI21
18,10/2/21,RI21
19,10/2/21,RI21
20,10/2/21,RI21
21,10/2/21,RI21
22,10/2/21,RI21
23,10/2/21,RI21
0,10/3/21,RI21
1,10/3/21,RI21
2,10/3/21,RI21
3,10/3/21,RI21
4,10/3/21,RI21
5,10/3/21,RI21
6,10/3/21,RI21
7,10/3/21,RI21
8,10/3/21,RI21
9,10/3/21,RI21
10,10/3/21,RI21
11,10/3/21,RI21
12,10/3/21,RI21
13,10/3/21,RI21
14,10/3/21,RI21
15,10/3/21,RI21
16,10/3/21,RI21
17,10/3/21,RI21
18,10/3/21,RI21
19,10/3/21,RI21
20,10/3/21,RI21
21,10/3/21,RI21
22,10/3/21,RI21
23,10/3/21,RI21
0,10/4/21,RI21
1,10/4/21,RI21
2,10/4/21,RI21
3,10/4/21,RI21
4,10/4/21,RI21
5,10/4/21,RI21
6,10/4/21,RI21
7,10/4/21,RI21
8,10/4/21,RI21
9,10/4/21,RI21
10,10/4/21,RI21
11,10/4/21,RI21
12,10/4/21,RI21
13,10/4/21,RI21
14,10/4/21,RI21
15,10/4/21,RI21
16,10/4/21,RI21
17,10/4/21,RI21
18,10/4/21,RI21
19,10/4/21,RI21
20,10/4/21,RI21
21,10/4/21,RI21
22,10/4/21,RI21
23,10/4/21,RI21
0,10/5/21,RI21
1,10/5/21,RI21
2,10/5/21,RI21
3,10/5/21,RI21
4,10/5/21,RI21
5,10/5/21,RI21
6,10/5/21,RI21
7,10/5/21,RI21
8,10/5/21,RI21
9,10/5/21,RI21
10,10/5/21,RI21
11,10/5/21,RI21
12,10/5/21,RI21
13,10/5/21,RI21
14,10/5/21,RI21
15,10/5/21,RI21
16,10/5/21,RI21
17,10/5/21,RI21
18,10/5/21,RI21
19,10/5/21,RI21
20,10/5/21,RI21
21,10/5/21,RI21
22,10/5/21,RI21
23,10/5/21,RI21
0,10/6/21,RI21
1,10/6/21,RI21
2,10/6/21,RI21
3,10/6/21,RI21
4,10/6/21,RI21
5,10/6/21,RI21
6,10/6/21,RI21
7,10/6/21,RI21
8,10/6/21,RI21
9,10/6/21,RI21
10,10/6/21,RI21
11,10/6/21,RI21
12,10/6/21,RI21
13,10/6/21,RI21
14,10/6/21,RI21
15,10/6/21,RI21
16,10/6/21,RI21
17,10/6/21,RI21
18,10/6/21,RI21
19,10/6/21,RI21
20,10/6/21,RI21
21,10/6/21,RI21
22,10/6/21,RI21
23,10/6/21,RI21
0,10/7/21,RI21
1,10/7/21,RI21
2,10/7/21,RI21
3,10/7/21,RI21
4,10/7/21,RI21
5,10/7/21,RI21
6,10/7/21,RI21
7,10/7/21,RI21
8,10/7/21,RI21
9,10/7/21,RI21
10,10/7/21,RI21
11,10/7/21,RI21
12,10/7/21,RI21
13,10/7/21,RI21
14,10/7/21,RI21
15,10/7/21,RI21
16,10/7/21,RI21
17,10/7/21,RI21
18,10/7/21,RI21
19,10/7/21,RI21
20,10/7/21,RI21
21,10/7/21,RI21
22,10/7/21,RI21
23,10/7/21,RI21
0,10/8/21,RI21
1,10/8/21,RI21
2,10/8/21,RI21
3,10/8/21,RI21
4,10/8/21,RI21
5,10/8/21,RI21
6,10/8/21,RI21
7,10/8/21,RI21
8,10/8/21,RI21
9,10/8/21,RI21
10,10/8/21,RI21
11,10/8/21,RI21
12,10/8/21,RI21
13,10/8/21,RI21
14,10/8/21,RI21
15,10/8/21,RI21
16,10/8/21,RI21
17,10/8/21,RI21
18,10/8/21,RI21
19,10/8/21,RI21
20,10/8/21,RI21
21,10/8/21,RI21
22,10/8/21,RI21
23,10/8/21,RI21
0,10/9/21,RI21
1,10/9/21,RI21
2,10/9/21,RI21
3,10/9/21,RI21
4,10/9/21,RI21
5,10/9/21,RI21
6,10/9/21,RI21
7,10/9/21,RI21
8,10/9/21,RI21
9,10/9/21,RI21
10,10/9/21,RI21
11,10/9/21,RI21
12,10/9/21,RI21
13,10/9/21,RI21
14,10/9/21,RI21
15,10/9/21,RI21
16,10/9/21,RI21
17,10/9/21,RI21
18,10/9/21,RI21
19,10/9/21,RI21
20,10/9/21,RI21
21,10/9/21,RI21
22,10/9/21,RI21
23,10/9/21,RI21
0,10/10/21,RI21
1,10/10/21,RI21
2,10/10/21,RI21
3,10/10/21,RI21
4,10/10/21,RI21
5,10/10/21,RI21
6,10/10/21,RI21
7,10/10/21,RI21
8,10/10/21,RI21
9,10/10/21,RI21
10,10/10/21,RI21
11,10/10/21,RI21
12,10/10/21,RI21
13,10/10/21,RI21
14,10/10/21,RI21
15,10/10/21,RI21
16,10/10/21,RI21
17,10/10/21,RI21
18,10/10/21,RI21
19,10/10/21,RI21
20,10/10/21,RI21
21,10/10/21,RI21
22,10/10/21,RI21
23,10/10/21,RI21
0,10/11/21,RI21
1,10/11/21,RI21
2,10/11/21,RI21
3,10/11/21,RI21
4,10/11/21,RI21
5,10/11/21,RI21
6,10/11/21,RI21
7,10/11/21,RI21
8,10/11/21,RI21
9,10/11/21,RI21
10,10/11/21,RI21
11,10/11/21,RI21
12,10/11/21,RI21
13,10/11/21,RI21
14,10/11/21,RI21
15,10/11/21,RI21
16,10/11/21,RI21
17,10/11/21,RI21
18,10/11/21,RI21
19,10/11/21,RI21
20,10/11/21,RI21
21,10/11/21,RI21
22,10/11/21,RI21
23,10/11/21,RI21
0,10/12/21,RI21
1,10/12/21,RI21
2,10/12/21,RI21
3,10/12/21,RI21
4,10/12/21,RI21
5,10/12/21,RI21
6,10/12/21,RI21
7,10/12/21,RI21
8,10/12/21,RI21
9,10/12/21,RI21
10,10/12/21,RI21
11,10/12/21,RI21
12,10/12/21,RI21
13,10/12/21,RI21
14,10/12/21,RI21
15,10/12/21,RI21
16,10/12/21,RI21
17,10/12/21,RI21
18,10/12/21,RI21
19,10/12/21,RI21
20,10/12/21,RI21
21,10/12/21,RI21
22,10/12/21,RI21
23,10/12/21,RI21
0,10/13/21,RI21
1,10/13/21,RI21
2,10/13/21,RI21
3,10/13/21,RI21
4,10/13/21,RI21
5,10/13/21,RI21
6,10/13/21,RI21
7,10/13/21,RI21
8,10/13/21,RI21
9,10/13/21,RI21
10,10/13/21,RI21
11,10/13/21,RI21
12,10/13/21,RI21
13,10/13/21,RI21
14,10/13/21,RI21
15,10/13/21,RI21
16,10/13/21,RI21
17,10/13/21,RI21
18,10/13/21,RI21
19,10/13/21,RI21
20,10/13/21,RI21
21,10/13/21,RI21
22,10/13/21,RI21
23,10/13/21,RI21
0,10/14/21,RI21
1,10/14/21,RI21
2,10/14/21,RI21
3,10/14/21,RI21
4,10/14/21,RI21
5,10/14/21,RI21
6,10/14/21,RI21
7,10/14/21,RI21
8,10/14/21,RI21
9,10/14/21,RI21
10,10/14/21,RI21
11,10/14/21,RI21
12,10/14/21,RI21
13,10/14/21,RI21
14,10/14/21,RI21
15,10/14/21,RI21
16,10/14/21,RI21
17,10/14/21,RI21
18,10/14/21,RI21
19,10/14/21,RI21
20,10/14/21,RI21
21,10/14/21,RI21
22,10/14/21,RI21
23,10/14/21,RI21
0,10/15/21,RI21
1,10/15/21,RI21
2,10/15/21,RI21
3,10/15/21,RI21
4,10/15/21,RI21
5,10/15/21,RI21
6,10/15/21,RI21
7,10/15/21,RI21
8,10/15/21,RI21
9,10/15/21,RI21
10,10/15/21,RI21
11,10/15/21,RI21
12,10/15/21,RI21
13,10/15/21,RI21
14,10/15/21,RI21
15,10/15/21,RI21
16,10/15/21,RI21
17,10/15/21,RI21
18,10/15/21,RI21
19,10/15/21,RI21
20,10/15/21,RI21
21,10/15/21,RI21
22,10/15/21,RI21
23,10/15/21,RI21
0,10/16/21,RI21
1,10/16/21,RI21
2,10/16/21,RI21
3,10/16/21,RI21
4,10/16/21,RI21
5,10/16/21,RI21
6,10/16/21,RI21
7,10/16/21,RI21
8,10/16/21,RI21
9,10/16/21,RI21
10,10/16/21,RI21
11,10/16/21,RI21
12,10/16/21,RI21
13,10/16/21,RI21
14,10/16/21,RI21
15,10/16/21,RI21
16,10/16/21,RI21
17,10/16/21,RI21
18,10/16/21,RI21
19,10/16/21,RI21
20,10/16/21,RI21
21,10/16/21,RI21
22,10/16/21,RI21
23,10/16/21,RI21
0,10/17/21,RI21
1,10/17/21,RI21
2,10/17/21,RI21
3,10/17/21,RI21
4,10/17/21,RI21
5,10/17/21,RI21
6,10/17/21,RI21
7,10/17/21,RI21
8,10/17/21,RI21
9,10/17/21,RI21
10,10/17/21,RI21
11,10/17/21,RI21
12,10/17/21,RI21
13,10/17/21,RI21
14,10/17/21,RI21
15,10/17/21,RI21
16,10/17/21,RI21
17,10/17/21,RI21
18,10/17/21,RI21
19,10/17/21,RI21
20,10/17/21,RI21
21,10/17/21,RI21
22,10/17/21,RI21
23,10/17/21,RI21
0,10/18/21,RI21
1,10/18/21,RI21
2,10/18/21,RI21
3,10/18/21,RI21
4,10/18/21,RI21
5,10/18/21,RI21
6,10/18/21,RI21
7,10/18/21,RI21
8,10/18/21,RI21
9,10/18/21,RI21
10,10/18/21,RI21
11,10/18/21,RI21
12,10/18/21,RI21
13,10/18/21,RI21
14,10/18/21,RI21
15,10/18/21,RI21
16,10/18/21,RI21
17,10/18/21,RI21
18,10/18/21,RI21
19,10/18/21,RI21
20,10/18/21,RI21
21,10/18/21,RI21
22,10/18/21,RI21
23,10/18/21,RI21
0,10/19/21,RI21
1,10/19/21,RI21
2,10/19/21,RI21
3,10/19/21,RI21
4,10/19/21,RI21
5,10/19/21,RI21
6,10/19/21,RI21
7,10/19/21,RI21
8,10/19/21,RI21
9,10/19/21,RI21
10,10/19/21,RI21
11,10/19/21,RI21
12,10/19/21,RI21
13,10/19/21,RI21
14,10/19/21,RI21
15,10/19/21,RI21
16,10/19/21,RI21
17,10/19/21,RI21
18,10/19/21,RI21
19,10/19/21,RI21
20,10/19/21,RI21
21,10/19/21,RI21
22,10/19/21,RI21
23,10/19/21,RI21
0,10/20/21,RI21
1,10/20/21,RI21
2,10/20/21,RI21
3,10/20/21,RI21
4,10/20/21,RI21
5,10/20/21,RI21
6,10/20/21,RI21
7,10/20/21,RI21
8,10/20/21,RI21
14,7/26/23,Kala
15,7/26/23,Kala
16,7/26/23,Kala
17,7/26/23,Kala
18,7/26/23,Kala
19,7/26/23,Kala
20,7/26/23,Kala
21,7/26/23,Kala
22,7/26/23,Kala
23,7/26/23,Kala
0,7/27/23,Kala
1,7/27/23,Kala
2,7/27/23,Kala
3,7/27/23,Kala
4,7/27/23,Kala
5,7/27/23,Kala
6,7/27/23,Kala
7,7/27/23,Kala
8,7/27/23,Kala
9,7/27/23,Kala
10,7/27/23,Kala
11,7/27/23,Kala
12,7/27/23,Kala
13,7/27/23,Kala
14,7/27/23,Kala
15,7/27/23,Kala
16,7/27/23,Kala
17,7/27/23,Kala
18,7/27/23,Kala
19,7/27/23,Kala
20,7/27/23,Kala
21,7/27/23,Kala
22,7/27/23,Kala
23,7/27/23,Kala
0,7/28/23,Kala
1,7/28/23,Kala
2,7/28/23,Kala
3,7/28/23,Kala
4,7/28/23,Kala
5,7/28/23,Kala
6,7/28/23,Kala
7,7/28/23,Kala
8,7/28/23,Kala
9,7/28/23,Kala
10,7/28/23,Kala
11,7/28/23,Kala
12,7/28/23,Kala
13,7/28/23,Kala
14,7/28/23,Kala
15,7/28/23,Kala
16,7/28/23,Kala
17,7/28/23,Kala
18,7/28/23,Kala
19,7/28/23,Kala
20,7/28/23,Kala
21,7/28/23,Kala
22,7/28/23,Kala
23,7/28/23,Kala
0,7/29/23,Kala
1,7/29/23,Kala
2,7/29/23,Kala
3,7/29/23,Kala
4,7/29/23,Kala
5,7/29/23,Kala
6,7/29/23,Kala
7,7/29/23,Kala
8,7/29/23,Kala
9,7/29/23,Kala
10,7/29/23,Kala
11,7/29/23,Kala
12,7/29/23,Kala
13,7/29/23,Kala
14,7/29/23,Kala
15,7/29/23,Kala
16,7/29/23,Kala
17,7/29/23,Kala
18,7/29/23,Kala
19,7/29/23,Kala
20,7/29/23,Kala
21,7/29/23,Kala
22,7/29/23,Kala
23,7/29/23,Kala
0,7/30/23,Kala
1,7/30/23,Kala
2,7/30/23,Kala
3,7/30/23,Kala
4,7/30/23,Kala
5,7/30/23,Kala
6,7/30/23,Kala
7,7/30/23,Kala
8,7/30/23,Kala
9,7/30/23,Kala
10,7/30/23,Kala
11,7/30/23,Kala
12,7/30/23,Kala
13,7/30/23,Kala
14,7/30/23,Kala
15,7/30/23,Kala
16,7/30/23,Kala
17,7/30/23,Kala
18,7/30/23,Kala
19,7/30/23,Kala
20,7/30/23,Kala
21,7/30/23,Kala
22,7/30/23,Kala
23,7/30/23,Kala
0,7/31/23,Kala
1,7/31/23,Kala
2,7/31/23,Kala
3,7/31/23,Kala
4,7/31/23,Kala
5,7/31/23,Kala
6,7/31/23,Kala
7,7/31/23,Kala
8,7/31/23,Kala
9,7/31/23,Kala
10,7/31/23,Kala
11,7/31/23,Kala
12,7/31/23,Kala
13,7/31/23,Kala
14,7/31/23,Kala
15,7/31/23,Kala
16,7/31/23,Kala
17,7/31/23,Kala
18,7/31/23,Kala
19,7/31/23,Kala
20,7/31/23,Kala
21,7/31/23,Kala
22,7/31/23,Kala
23,7/31/23,Kala
0,8/1/23,Kala
1,8/1/23,Kala
2,8/1/23,Kala
3,8/1/23,Kala
4,8/1/23,Kala
5,8/1/23,Kala
6,8/1/23,Kala
7,8/1/23,Kala
8,8/1/23,Kala
9,8/1/23,Kala
10,8/1/23,Kala
11,8/1/23,Kala
12,8/1/23,Kala
13,8/1/23,Kala
14,8/1/23,Kala
15,8/1/23,Kala
16,8/1/23,Kala
17,8/1/23,Kala
18,8/1/23,Kala
19,8/1/23,Kala
20,8/1/23,Kala
21,8/1/23,Kala
22,8/1/23,Kala
23,8/1/23,Kala
0,8/2/23,Kala
1,8/2/23,Kala
2,8/2/23,Kala
3,8/2/23,Kala
4,8/2/23,Kala
5,8/2/23,Kala
6,8/2/23,Kala
7,8/2/23,Kala
8,8/2/23,Kala
9,8/2/23,Kala
10,8/2/23,Kala
11,8/2/23,Kala
12,8/2/23,Kala
13,8/2/23,Kala
14,8/2/23,Kala
15,8/2/23,Kala
16,8/2/23,Kala
17,8/2/23,Kala
18,8/2/23,Kala
19,8/2/23,Kala
20,8/2/23,Kala
21,8/2/23,Kala
22,8/2/23,Kala
23,8/2/23,Kala
0,8/3/23,Kala
1,8/3/23,Kala
2,8/3/23,Kala
3,8/3/23,Kala
4,8/3/23,Kala
5,8/3/23,Kala
6,8/3/23,Kala
7,8/3/23,Kala
8,8/3/23,Kala
9,8/3/23,Kala
10,8/3/23,Kala
11,8/3/23,Kala
12,8/3/23,Kala
13,8/3/23,Kala
14,8/3/23,Kala
15,8/3/23,Kala
16,8/3/23,Kala
17,8/3/23,Kala
18,8/3/23,Kala
19,8/3/23,Kala
20,8/3/23,Kala
21,8/3/23,Kala
22,8/3/23,Kala
23,8/3/23,Kala
0,8/4/23,Kala
1,8/4/23,Kala
2,8/4/23,Kala
3,8/4/23,Kala
4,8/4/23,Kala
5,8/4/23,Kala
6,8/4/23,Kala
7,8/4/23,Kala
8,8/4/23,Kala
9,8/4/23,Kala
10,8/4/23,Kala
11,8/4/23,Kala
12,8/4/23,Kala
13,8/4/23,Kala
14,8/4/23,Kala
15,8/4/23,Kala
16,8/4/23,Kala
17,8/4/23,Kala
18,8/4/23,Kala
19,8/4/23,Kala
20,8/4/23,Kala
21,8/4/23,Kala
22,8/4/23,Kala
23,8/4/23,Kala
0,8/5/23,Kala
1,8/5/23,Kala
2,8/5/23,Kala
3,8/5/23,Kala
4,8/5/23,Kala
5,8/5/23,Kala
6,8/5/23,Kala
7,8/5/23,Kala
8,8/5/23,Kala
9,8/5/23,Kala
10,8/5/23,Kala
11,8/5/23,Kala
12,8/5/23,Kala
13,8/5/23,Kala
14,8/5/23,Kala
15,8/5/23,Kala
16,8/5/23,Kala
17,8/5/23,Kala
18,8/5/23,Kala
19,8/5/23,Kala
20,8/5/23,Kala
21,8/5/23,Kala
22,8/5/23,Kala
23,8/5/23,Kala
0,8/6/23,Kala
1,8/6/23,Kala
2,8/6/23,Kala
3,8/6/23,Kala
4,8/6/23,Kala
5,8/6/23,Kala
6,8/6/23,Kala
7,8/6/23,Kala
8,8/6/23,Kala
9,8/6/23,Kala
10,8/6/23,Kala
11,8/6/23,Kala
12,8/6/23,Kala
13,8/6/23,Kala
14,8/6/23,Kala
15,8/6/23,Kala
16,8/6/23,Kala
17,8/6/23,Kala
18,8/6/23,Kala
19,8/6/23,Kala
20,8/6/23,Kala
21,8/6/23,Kala
22,8/6/23,Kala
23,8/6/23,Kala
0,8/7/23,Kala
1,8/7/23,Kala
2,8/7/23,Kala
3,8/7/23,Kala
4,8/7/23,Kala
5,8/7/23,Kala
6,8/7/23,Kala
7,8/7/23,Kala
8,8/7/23,Kala
9,8/7/23,Kala
10,8/7/23,Kala
11,8/7/23,Kala
12,8/7/23,Kala
13,8/7/23,Kala
14,8/7/23,Kala
15,8/7/23,Kala
16,8/7/23,Kala
17,8/7/23,Kala
18,8/7/23,Kala
19,8/7/23,Kala
20,8/7/23,Kala
21,8/7/23,Kala
22,8/7/23,Kala
23,8/7/23,Kala
0,8/8/23,Kala
1,8/8/23,Kala
2,8/8/23,Kala
3,8/8/23,Kala
4,8/8/23,Kala
5,8/8/23,Kala
6,8/8/23,Kala
7,8/8/23,Kala
8,8/8/23,Kala
9,8/8/23,Kala
10,8/8/23,Kala
11,8/8/23,Kala
12,8/8/23,Kala
13,8/8/23,Kala
14,8/8/23,Kala
15,8/8/23,Kala
16,8/8/23,Kala
17,8/8/23,Kala
18,8/8/23,Kala
19,8/8/23,Kala
20,8/8/23,Kala
21,8/8/23,Kala
22,8/8/23,Kala
23,8/8/23,Kala
0,8/9/23,Kala
1,8/9/23,Kala
2,8/9/23,Kala
3,8/9/23,Kala
4,8/9/23,Kala
5,8/9/23,Kala
6,8/9/23,Kala
7,8/9/23,Kala
8,8/9/23,Kala
9,8/9/23,Kala
10,8/9/23,Kala
11,8/9/23,Kala
12,8/9/23,Kala
13,8/9/23,Kala
14,8/9/23,Kala
15,8/9/23,Kala
16,8/9/23,Kala
17,8/9/23,Kala
18,8/9/23,Kala
19,8/9/23,Kala
20,8/9/23,Kala
21,8/9/23,Kala
22,8/9/23,Kala
23,8/9/23,Kala
0,8/10/23,Kala
1,8/10/23,Kala
2,8/10/23,Kala
3,8/10/23,Kala
4,8/10/23,Kala
5,8/10/23,Kala
6,8/10/23,Kala
7,8/10/23,Kala
8,8/10/23,Kala
9,8/10/23,Kala
10,8/10/23,Kala
11,8/10/23,Kala
12,8/10/23,Kala
13,8/10/23,Kala
14,8/10/23,Kala
15,8/10/23,Kala
16,8/10/23,Kala
17,8/10/23,Kala
18,8/10/23,Kala
19,8/10/23,Kala
20,8/10/23,Kala
21,8/10/23,Kala
22,8/10/23,Kala
23,8/10/23,Kala
0,8/11/23,Kala
1,8/11/23,Kala
2,8/11/23,Kala
3,8/11/23,Kala
4,8/11/23,Kala
5,8/11/23,Kala
6,8/11/23,Kala
7,8/11/23,Kala
8,8/11/23,Kala
9,8/11/23,Kala
10,8/11/23,Kala
11,8/11/23,Kala
12,8/11/23,Kala
13,8/11/23,Kala
14,8/11/23,Kala
15,8/11/23,Kala
16,8/11/23,Kala
17,8/11/23,Kala
18,8/11/23,Kala
19,8/11/23,Kala
20,8/11/23,Kala
21,8/11/23,Kala
22,8/11/23,Kala
23,8/11/23,Kala
0,8/12/23,Kala
1,8/12/23,Kala
2,8/12/23,Kala
3,8/12/23,Kala
4,8/12/23,Kala
5,8/12/23,Kala
6,8/12/23,Kala
7,8/12/23,Kala
8,8/12/23,Kala
9,8/12/23,Kala
10,8/12/23,Kala
11,8/12/23,Kala
12,8/12/23,Kala
13,8/12/23,Kala
14,8/12/23,Kala
15,8/12/23,Kala
16,8/12/23,Kala
17,8/12/23,Kala
18,8/12/23,Kala
19,8/12/23,Kala
20,8/12/23,Kala
21,8/12/23,Kala
22,8/12/23,Kala
23,8/12/23,Kala
0,8/13/23,Kala
1,8/13/23,Kala
2,8/13/23,Kala
3,8/13/23,Kala
4,8/13/23,Kala
5,8/13/23,Kala
6,8/13/23,Kala
7,8/13/23,Kala
8,8/13/23,Kala
9,8/13/23,Kala
10,8/13/23,Kala
11,8/13/23,Kala
12,8/13/23,Kala
13,8/13/23,Kala
14,8/13/23,Kala
15,8/13/23,Kala
16,8/13/23,Kala
17,8/13/23,Kala
18,8/13/23,Kala
19,8/13/23,Kala
20,8/13/23,Kala
21,8/13/23,Kala
22,8/13/23,Kala
23,8/13/23,Kala
0,8/14/23,Kala
1,8/14/23,Kala
2,8/14/23,Kala
3,8/14/23,Kala
4,8/14/23,Kala
5,8/14/23,Kala
6,8/14/23,Kala
7,8/14/23,Kala
8,8/14/23,Kala
9,8/14/23,Kala
10,8/14/23,Kala
11,8/14/23,Kala
12,8/14/23,Kala
13,8/14/23,Kala
14,8/14/23,Kala
15,8/14/23,Kala
16,8/14/23,Kala
17,8/14/23,Kala
18,8/14/23,Kala
19,8/14/23,Kala
20,8/14/23,Kala
21,8/14/23,Kala
22,8/14/23,Kala
23,8/14/23,Kala
0,8/15/23,Kala
1,8/15/23,Kala
2,8/15/23,Kala
3,8/15/23,Kala
4,8/15/23,Kala
5,8/15/23,Kala
6,8/15/23,Kala
7,8/15/23,Kala
8,8/15/23,Kala
9,8/15/23,Kala
10,8/15/23,Kala
11,8/15/23,Kala
12,8/15/23,Kala
13,8/15/23,Kala
14,8/15/23,Kala
15,8/15/23,Kala
16,8/15/23,Kala
17,8/15/23,Kala
18,8/15/23,Kala
19,8/15/23,Kala
20,8/15/23,Kala
21,8/15/23,Kala
22,8/15/23,Kala
23,8/15/23,Kala
0,8/16/23,Kala
1,8/16/23,Kala
2,8/16/23,Kala
3,8/16/23,Kala
4,8/16/23,Kala
5,8/16/23,Kala
6,8/16/23,Kala
7,8/16/23,Kala
8,8/16/23,Kala
9,8/16/23,Kala
10,8/16/23,Kala
11,8/16/23,Kala
12,8/16/23,Kala
13,8/16/23,Kala
14,8/16/23,Kala
15,8/16/23,Kala
16,8/16/23,Kala
17,8/16/23,Kala
18,8/16/23,Kala
19,8/16/23,Kala
20,8/16/23,Kala
21,8/16/23,Kala
22,8/16/23,Kala
23,8/16/23,Kala
0,8/17/23,Kala
1,8/17/23,Kala
2,8/17/23,Kala
3,8/17/23,Kala
4,8/17/23,Kala
5,8/17/23,Kala
6,8/17/23,Kala
7,8/17/23,Kala
8,8/17/23,Kala
9,8/17/23,Kala
10,8/17/23,Kala
11,8/17/23,Kala
12,8/17/23,Kala
13,8/17/23,Kala
14,8/17/23,Kala
15,8/17/23,Kala
16,8/17/23,Kala
17,8/17/23,Kala
18,8/17/23,Kala
19,8/17/23,Kala
20,8/17/23,Kala
21,8/17/23,Kala
22,8/17/23,Kala
23,8/17/23,Kala
0,8/18/23,Kala
1,8/18/23,Kala
2,8/18/23,Kala
3,8/18/23,Kala
4,8/18/23,Kala
5,8/18/23,Kala
6,8/18/23,Kala
7,8/18/23,Kala
8,8/18/23,Kala
9,8/18/23,Kala
10,8/18/23,Kala
11,8/18/23,Kala
12,8/18/23,Kala
13,8/18/23,Kala
14,8/18/23,Kala
15,8/18/23,Kala
16,8/18/23,Kala
17,8/18/23,Kala
18,8/18/23,Kala
19,8/18/23,Kala
20,8/18/23,Kala
21,8/18/23,Kala
22,8/18/23,Kala
23,8/18/23,Kala
0,8/19/23,Kala
1,8/19/23,Kala
2,8/19/23,Kala
3,8/19/23,Kala
4,8/19/23,Kala
5,8/19/23,Kala
6,8/19/23,Kala
7,8/19/23,Kala
8,8/19/23,Kala
9,8/19/23,Kala
10,8/19/23,Kala
11,8/19/23,Kala
12,8/19/23,Kala
13,8/19/23,Kala
14,8/19/23,Kala
15,8/19/23,Kala
16,8/19/23,Kala
17,8/19/23,Kala
18,8/19/23,Kala
19,8/19/23,Kala
20,8/19/23,Kala
21,8/19/23,Kala
22,8/19/23,Kala
23,8/19/23,Kala
0,8/20/23,Kala
1,8/20/23,Kala
2,8/20/23,Kala
3,8/20/23,Kala
4,8/20/23,Kala
5,8/20/23,Kala
6,8/20/23,Kala
7,8/20/23,Kala
8,8/20/23,Kala
9,8/20/23,Kala
10,8/20/23,Kala
11,8/20/23,Kala
12,8/20/23,Kala
13,8/20/23,Kala
14,8/20/23,Kala
15,8/20/23,Kala
16,8/20/23,Kala
17,8/20/23,Kala
18,8/20/23,Kala
19,8/20/23,Kala
20,8/20/23,Kala
21,8/20/23,Kala
22,8/20/23,Kala
23,8/20/23,Kala
0,8/21/23,Kala
1,8/21/23,Kala
2,8/21/23,Kala
3,8/21/23,Kala
4,8/21/23,Kala
5,8/21/23,Kala
6,8/21/23,Kala
7,8/21/23,Kala
8,8/21/23,Kala
9,8/21/23,Kala
10,8/21/23,Kala
11,8/21/23,Kala
12,8/21/23,Kala
13,8/21/23,Kala
14,8/21/23,Kala
15,8/21/23,Kala
16,8/21/23,Kala
17,8/21/23,Kala
18,8/21/23,Kala
19,8/21/23,Kala
20,8/21/23,Kala
21,8/21/23,Kala
22,8/21/23,Kala
23,8/21/23,Kala
0,8/22/23,Kala
1,8/22/23,Kala
2,8/22/23,Kala
3,8/22/23,Kala
4,8/22/23,Kala
5,8/22/23,Kala
6,8/22/23,Kala
7,8/22/23,Kala
8,8/22/23,Kala
9,8/22/23,Kala
10,8/22/23,Kala
11,8/22/23,Kala
12,8/22/23,Kala
13,8/22/23,Kala
14,8/22/23,Kala
15,8/22/23,Kala
16,8/22/23,Kala
17,8/22/23,Kala
18,8/22/23,Kala
19,8/22/23,Kala
20,8/22/23,Kala
21,8/22/23,Kala
22,8/22/23,Kala
23,8/22/23,Kala
0,8/23/23,Kala
1,8/23/23,Kala
2,8/23/23,Kala
3,8/23/23,Kala
4,8/23/23,Kala
5,8/23/23,Kala
6,8/23/23,Kala
7,8/23/23,Kala
8,8/23/23,Kala
9,8/23/23,Kala
10,8/23/23,Kala
11,8/23/23,Kala
12,8/23/23,Kala
13,8/23/23,Kala
14,8/23/23,Kala
15,8/23/23,Kala
16,8/23/23,Kala
17,8/23/23,Kala
18,8/23/23,Kala
19,8/23/23,Kala
20,8/23/23,Kala
21,8/23/23,Kala
22,8/23/23,Kala
23,8/23/23,Kala
0,8/24/23,Kala
1,8/24/23,Kala
2,8/24/23,Kala
3,8/24/23,Kala
4,8/24/23,Kala
5,8/24/23,Kala
6,8/24/23,Kala
7,8/24/23,Kala
8,8/24/23,Kala
9,8/24/23,Kala
10,8/24/23,Kala
11,8/24/23,Kala
12,8/24/23,Kala
13,8/24/23,Kala
14,8/24/23,Kala
15,8/24/23,Kala
16,8/24/23,Kala
17,8/24/23,Kala
18,8/24/23,Kala
19,8/24/23,Kala
20,8/24/23,Kala
21,8/24/23,Kala
22,8/24/23,Kala
23,8/24/23,Kala
0,8/25/23,Kala
1,8/25/23,Kala
2,8/25/23,Kala
3,8/25/23,Kala
4,8/25/23,Kala
5,8/25/23,Kala
6,8/25/23,Kala
7,8/25/23,Kala
8,8/25/23,Kala
9,8/25/23,Kala
10,8/25/23,Kala
11,8/25/23,Kala
12,8/25/23,Kala
13,8/25/23,Kala
14,8/25/23,Kala
15,8/25/23,Kala
16,8/25/23,Kala
17,8/25/23,Kala
18,8/25/23,Kala
19,8/25/23,Kala
20,8/25/23,Kala
21,8/25/23,Kala
22,8/25/23,Kala
23,8/25/23,Kala
0,8/26/23,Kala
1,8/26/23,Kala
2,8/26/23,Kala
3,8/26/23,Kala
4,8/26/23,Kala
5,8/26/23,Kala
6,8/26/23,Kala
7,8/26/23,Kala
8,8/26/23,Kala
9,8/26/23,Kala
10,8/26/23,Kala
11,8/26/23,Kala
12,8/26/23,Kala
13,8/26/23,Kala
14,8/26/23,Kala
15,8/26/23,Kala
16,8/26/23,Kala
17,8/26/23,Kala
18,8/26/23,Kala
19,8/26/23,Kala
20,8/26/23,Kala
21,8/26/23,Kala
22,8/26/23,Kala
23,8/26/23,Kala
0,8/27/23,Kala
1,8/27/23,Kala
2,8/27/23,Kala
3,8/27/23,Kala
4,8/27/23,Kala
5,8/27/23,Kala
6,8/27/23,Kala
7,8/27/23,Kala
8,8/27/23,Kala
9,8/27/23,Kala
10,8/27/23,Kala
11,8/27/23,Kala
12,8/27/23,Kala
13,8/27/23,Kala
14,8/27/23,Kala
15,8/27/23,Kala
16,8/27/23,Kala
17,8/27/23,Kala
18,8/27/23,Kala
19,8/27/23,Kala
20,8/27/23,Kala
21,8/27/23,Kala
22,8/27/23,Kala
23,8/27/23,Kala
0,8/28/23,Kala
1,8/28/23,Kala
2,8/28/23,Kala
3,8/28/23,Kala
4,8/28/23,Kala
5,8/28/23,Kala
6,8/28/23,Kala
7,8/28/23,Kala
8,8/28/23,Kala
9,8/28/23,Kala
10,8/28/23,Kala
11,8/28/23,Kala
12,8/28/23,Kala
13,8/28/23,Kala
14,8/28/23,Kala
15,8/28/23,Kala
16,8/28/23,Kala
17,8/28/23,Kala
18,8/28/23,Kala
19,8/28/23,Kala
20,8/28/23,Kala
21,8/28/23,Kala
22,8/28/23,Kala
23,8/28/23,Kala
0,8/29/23,Kala
1,8/29/23,Kala
2,8/29/23,Kala
3,8/29/23,Kala
4,8/29/23,Kala
5,8/29/23,Kala
6,8/29/23,Kala
7,8/29/23,Kala
8,8/29/23,Kala
9,8/29/23,Kala
10,8/29/23,Kala
11,8/29/23,Kala
12,8/29/23,Kala
13,8/29/23,Kala
14,8/29/23,Kala
15,8/29/23,Kala
16,8/29/23,Kala
17,8/29/23,Kala
18,8/29/23,Kala
19,8/29/23,Kala
20,8/29/23,Kala
21,8/29/23,Kala
22,8/29/23,Kala
23,8/29/23,Kala
0,8/30/23,Kala
1,8/30/23,Kala
2,8/30/23,Kala
3,8/30/23,Kala
4,8/30/23,Kala
5,8/30/23,Kala
6,8/30/23,Kala
7,8/30/23,Kala
8,8/30/23,Kala
9,8/30/23,Kala
10,8/30/23,Kala
11,8/30/23,Kala
12,8/30/23,Kala
13,8/30/23,Kala
14,8/30/23,Kala
15,8/30/23,Kala
16,8/30/23,Kala
17,8/30/23,Kala
18,8/30/23,Kala
19,8/30/23,Kala
20,8/30/23,Kala
21,8/30/23,Kala
22,8/30/23,Kala
23,8/30/23,Kala
0,8/31/23,Kala
1,8/31/23,Kala
2,8/31/23,Kala
3,8/31/23,Kala
4,8/31/23,Kala
5,8/31/23,Kala
6,8/31/23,Kala
7,8/31/23,Kala
8,8/31/23,Kala
9,8/31/23,Kala
10,8/31/23,Kala
11,8/31/23,Kala
12,8/31/23,Kala
13,8/31/23,Kala
14,8/31/23,Kala
15,8/31/23,Kala
16,8/31/23,Kala
17,8/31/23,Kala
18,8/31/23,Kala
19,8/31/23,Kala
20,8/31/23,Kala
21,8/31/23,Kala
22,8/31/23,Kala
23,8/31/23,Kala
0,9/1/23,Kala
1,9/1/23,Kala
2,9/1/23,Kala
3,9/1/23,Kala
4,9/1/23,Kala
5,9/1/23,Kala
6,9/1/23,Kala
7,9/1/23,Kala
8,9/1/23,Kala
9,9/1/23,Kala
10,9/1/23,Kala
11,9/1/23,Kala
12,9/1/23,Kala
13,9/1/23,Kala
14,9/1/23,Kala
15,9/1/23,Kala
16,9/1/23,Kala
17,9/1/23,Kala
18,9/1/23,Kala
19,9/1/23,Kala
20,9/1/23,Kala
21,9/1/23,Kala
22,9/1/23,Kala
23,9/1/23,Kala
0,9/2/23,Kala
1,9/2/23,Kala
2,9/2/23,Kala
3,9/2/23,Kala
4,9/2/23,Kala
5,9/2/23,Kala
6,9/2/23,Kala
7,9/2/23,Kala
8,9/2/23,Kala
9,9/2/23,Kala
10,9/2/23,Kala
11,9/2/23,Kala
12,9/2/23,Kala
13,9/2/23,Kala
14,9/2/23,Kala
15,9/2/23,Kala
16,9/2/23,Kala
17,9/2/23,Kala
18,9/2/23,Kala
19,9/2/23,Kala
20,9/2/23,Kala
21,9/2/23,Kala
22,9/2/23,Kala
23,9/2/23,Kala
0,9/3/23,Kala
1,9/3/23,Kala
2,9/3/23,Kala
3,9/3/23,Kala
4,9/3/23,Kala
5,9/3/23,Kala
6,9/3/23,Kala
7,9/3/23,Kala
8,9/3/23,Kala
9,9/3/23,Kala
10,9/3/23,Kala
11,9/3/23,Kala
12,9/3/23,Kala
13,9/3/23,Kala
14,9/3/23,Kala
15,9/3/23,Kala
16,9/3/23,Kala
17,9/3/23,Kala
18,9/3/23,Kala
19,9/3/23,Kala
20,9/3/23,Kala
21,9/3/23,Kala
22,9/3/23,Kala
23,9/3/23,Kala
0,9/4/23,Kala
1,9/4/23,Kala
2,9/4/23,Kala
3,9/4/23,Kala
4,9/4/23,Kala
5,9/4/23,Kala
6,9/4/23,Kala
7,9/4/23,Kala
8,9/4/23,Kala
9,9/4/23,Kala
10,9/4/23,Kala
11,9/4/23,Kala
12,9/4/23,Kala
13,9/4/23,Kala
14,9/4/23,Kala
15,9/4/23,Kala
16,9/4/23,Kala
17,9/4/23,Kala
18,9/4/23,Kala
19,9/4/23,Kala
20,9/4/23,Kala
21,9/4/23,Kala
22,9/4/23,Kala
23,9/4/23,Kala
0,9/5/23,Kala
1,9/5/23,Kala
2,9/5/23,Kala
3,9/5/23,Kala
4,9/5/23,Kala
5,9/5/23,Kala
6,9/5/23,Kala
7,9/5/23,Kala
8,9/5/23,Kala
9,9/5/23,Kala
10,9/5/23,Kala
11,9/5/23,Kala
12,9/5/23,Kala
13,9/5/23,Kala
14,9/5/23,Kala
15,9/5/23,Kala
16,9/5/23,Kala
17,9/5/23,Kala
18,9/5/23,Kala
19,9/5/23,Kala
20,9/5/23,Kala
21,9/5/23,Kala
22,9/5/23,Kala
23,9/5/23,Kala
0,9/6/23,Kala
1,9/6/23,Kala
2,9/6/23,Kala
3,9/6/23,Kala
4,9/6/23,Kala
5,9/6/23,Kala
6,9/6/23,Kala
7,9/6/23,Kala
8,9/6/23,Kala
9,9/6/23,Kala
10,9/6/23,Kala
11,9/6/23,Kala
12,9/6/23,Kala
13,9/6/23,Kala
14,9/6/23,Kala
15,9/6/23,Kala
16,9/6/23,Kala
17,9/6/23,Kala
18,9/6/23,Kala
19,9/6/23,Kala
20,9/6/23,Kala
21,9/6/23,Kala
22,9/6/23,Kala
23,9/6/23,Kala
0,9/7/23,Kala
1,9/7/23,Kala
2,9/7/23,Kala
3,9/7/23,Kala
4,9/7/23,Kala
5,9/7/23,Kala
6,9/7/23,Kala
7,9/7/23,Kala
8,9/7/23,Kala
9,9/7/23,Kala
10,9/7/23,Kala
11,9/7/23,Kala
12,9/7/23,Kala
13,9/7/23,Kala
14,9/7/23,Kala
15,9/7/23,Kala
16,9/7/23,Kala
17,9/7/23,Kala
18,9/7/23,Kala
19,9/7/23,Kala
20,9/7/23,Kala
21,9/7/23,Kala
22,9/7/23,Kala
23,9/7/23,Kala
0,9/8/23,Kala
1,9/8/23,Kala
2,9/8/23,Kala
3,9/8/23,Kala
4,9/8/23,Kala
5,9/8/23,Kala
6,9/8/23,Kala
7,9/8/23,Kala
8,9/8/23,Kala
9,9/8/23,Kala
10,9/8/23,Kala
11,9/8/23,Kala
12,9/8/23,Kala
13,9/8/23,Kala
14,9/8/23,Kala
15,9/8/23,Kala
16,9/8/23,Kala
17,9/8/23,Kala
18,9/8/23,Kala
19,9/8/23,Kala
20,9/8/23,Kala
21,9/8/23,Kala
22,9/8/23,Kala
23,9/8/23,Kala
0,9/9/23,Kala
1,9/9/23,Kala
2,9/9/23,Kala
3,9/9/23,Kala
4,9/9/23,Kala
5,9/9/23,Kala
6,9/9/23,Kala
7,9/9/23,Kala
8,9/9/23,Kala
9,9/9/23,Kala
10,9/9/23,Kala
11,9/9/23,Kala
12,9/9/23,Kala
13,9/9/23,Kala
14,9/9/23,Kala
15,9/9/23,Kala
16,9/9/23,Kala
17,9/9/23,Kala
18,9/9/23,Kala
19,9/9/23,Kala
20,9/9/23,Kala
21,9/9/23,Kala
22,9/9/23,Kala
23,9/9/23,Kala
0,9/10/23,Kala
1,9/10/23,Kala
2,9/10/23,Kala
3,9/10/23,Kala
4,9/10/23,Kala
5,9/10/23,Kala
6,9/10/23,Kala
7,9/10/23,Kala
8,9/10/23,Kala
9,9/10/23,Kala
10,9/10/23,Kala
11,9/10/23,Kala
12,9/10/23,Kala
13,9/10/23,Kala
14,9/10/23,Kala
15,9/10/23,Kala
16,9/10/23,Kala
17,9/10/23,Kala
18,9/10/23,Kala
19,9/10/23,Kala
20,9/10/23,Kala
21,9/10/23,Kala
22,9/10/23,Kala
23,9/10/23,Kala
0,9/11/23,Kala
1,9/11/23,Kala
2,9/11/23,Kala
3,9/11/23,Kala
4,9/11/23,Kala
5,9/11/23,Kala
6,9/11/23,Kala
7,9/11/23,Kala
8,9/11/23,Kala
9,9/11/23,Kala
10,9/11/23,Kala
11,9/11/23,Kala
12,9/11/23,Kala
13,9/11/23,Kala
14,9/11/23,Kala
15,9/11/23,Kala
16,9/11/23,Kala
17,9/11/23,Kala
18,9/11/23,Kala
19,9/11/23,Kala
20,9/11/23,Kala
21,9/11/23,Kala
22,9/11/23,Kala
23,9/11/23,Kala
0,9/12/23,Kala
1,9/12/23,Kala
2,9/12/23,Kala
3,9/12/23,Kala
4,9/12/23,Kala
5,9/12/23,Kala
6,9/12/23,Kala
7,9/12/23,Kala
8,9/12/23,Kala
9,9/12/23,Kala
10,9/12/23,Kala
11,9/12/23,Kala
12,9/12/23,Kala
13,9/12/23,Kala
14,9/12/23,Kala
15,9/12/23,Kala
16,9/12/23,Kala
17,9/12/23,Kala
18,9/12/23,Kala
19,9/12/23,Kala
20,9/12/23,Kala
21,9/12/23,Kala
22,9/12/23,Kala
23,9/12/23,Kala
0,9/13/23,Kala
1,9/13/23,Kala
2,9/13/23,Kala
3,9/13/23,Kala
4,9/13/23,Kala
5,9/13/23,Kala
6,9/13/23,Kala
7,9/13/23,Kala
8,9/13/23,Kala
9,9/13/23,Kala
10,9/13/23,Kala
11,9/13/23,Kala
12,9/13/23,Kala
13,9/13/23,Kala
14,9/13/23,Kala
15,9/13/23,Kala
16,9/13/23,Kala
17,9/13/23,Kala
18,9/13/23,Kala
19,9/13/23,Kala
20,9/13/23,Kala
21,9/13/23,Kala
22,9/13/23,Kala
23,9/13/23,Kala
0,9/14/23,Kala
1,9/14/23,Kala
2,9/14/23,Kala
3,9/14/23,Kala
4,9/14/23,Kala
5,9/14/23,Kala
6,9/14/23,Kala
7,9/14/23,Kala
8,9/14/23,Kala
9,9/14/23,Kala
10,9/14/23,Kala
11,9/14/23,Kala
12,9/14/23,Kala
13,9/14/23,Kala
14,9/14/23,Kala
15,9/14/23,Kala
16,9/14/23,Kala
17,9/14/23,Kala
18,9/14/23,Kala
19,9/14/23,Kala
20,9/14/23,Kala
21,9/14/23,Kala
22,9/14/23,Kala
23,9/14/23,Kala
0,9/15/23,Kala
1,9/15/23,Kala
2,9/15/23,Kala
3,9/15/23,Kala
4,9/15/23,Kala
5,9/15/23,Kala
6,9/15/23,Kala
7,9/15/23,Kala
8,9/15/23,Kala
9,9/15/23,Kala