Location,Year,VocalType,DeltaTime,Dur90,Freq5,Freq25,CenterFreq,Freq75,Freq95,BW50,BW90,PeakFreq,AvgPower,PeakPower,AggEntropy,RMSAmp,SNRNIST,Harmonics,Whoops/Bout
FFS,2021,GrowlWhoop,1.8233,1.4025,128.906,164.062,175.781,199.219,246.094,35.156,117.188,187.5,-90.68,-52.72,3.353,61.441,19.42,0,1
FFS,2021,Croak,0.2113,0.1454,128.906,164.062,269.531,281.25,351.562,117.188,222.656,281.25,-92.44,-59.88,4.388,49.534,17.97,0,
FFS,2021,Croak,0.4525,0.2566,128.906,164.062,187.5,187.5,328.125,23.438,199.219,187.5,-97.46,-60.59,3.559,28.138,22.92,0,
FFS,2021,Croak,0.2636,0.1283,140.625,199.219,210.938,234.375,292.969,35.156,152.344,222.656,-85.77,-51.34,3.752,108.229,22.7,0,
FFS,2021,Croak,0.2016,0.0941,164.062,199.219,210.938,222.656,269.531,23.438,105.469,210.938,-87.04,-49.22,2.971,92.182,20.91,0,
FFS,2021,Croak,0.3251,0.1967,128.906,187.5,199.219,304.688,398.438,117.188,269.531,187.5,-96.53,-61.91,4.416,31.367,18.82,0,
FFS,2021,Croak,0.3461,0.171,93.75,152.344,164.062,187.5,339.844,35.156,246.094,152.344,-85.38,-49.1,3.929,112.286,22.21,0,
FFS,2021,Croak,0.4087,0.2224,93.75,152.344,175.781,292.969,351.562,140.625,257.812,164.062,-91.04,-55.8,4.331,58.969,21.48,0,
FFS,2021,Croak,0.2931,0.1454,117.188,164.062,199.219,246.094,316.406,82.031,199.219,199.219,-90.69,-55.66,4.221,61.057,21.19,0,
FFS,2021,Croak,0.4954,0.2224,140.625,187.5,199.219,257.812,351.562,70.312,210.938,187.5,-89.53,-52.96,4.176,70.09,22.64,0,
FFS,2021,Croak,0.3172,0.171,140.625,175.781,187.5,269.531,363.281,93.75,222.656,187.5,-95.43,-60.04,4.095,35.489,23.83,0,
FFS,2021,Croak,0.2658,0.1454,117.188,175.781,187.5,199.219,304.688,23.438,187.5,187.5,-97.28,-61.86,3.753,28.673,21.35,0,
FFS,2021,Croak,0.2967,0.1454,152.344,210.938,257.812,304.688,398.438,93.75,246.094,269.531,-90.31,-54.58,4.373,64.265,20.32,0,
FFS,2021,Croak,0.1689,0.0941,152.344,175.781,187.5,210.938,257.812,35.156,105.469,199.219,-96.87,-61.46,3.451,30.335,22.58,0,
FFS,2021,Croak,0.3144,0.2052,117.188,164.062,187.5,269.531,410.156,105.469,292.969,187.5,-100.06,-65.9,4.584,20.648,21.58,0,
FFS,2021,Croak,0.2437,0.1197,140.625,187.5,210.938,257.812,316.406,70.312,175.781,187.5,-84.32,-49.23,4.007,128.665,20.43,0,
FFS,2021,Croak,0.1629,0.0941,117.188,164.062,175.781,210.938,363.281,46.875,246.094,164.062,-91.62,-57.71,4.155,55.01,18.79,0,
FFS,2021,Croak,0.171,0.0684,175.781,199.219,199.219,210.938,304.688,11.719,128.906,199.219,-88.14,-50.4,3.077,82.214,21.85,0,
FFS,2021,Croak,0.2091,0.1026,58.594,164.062,187.5,199.219,351.562,35.156,292.969,187.5,-91.53,-56.33,4.047,56.238,20.27,0,
FFS,2021,Croak,0.2276,0.1283,70.312,175.781,199.219,222.656,363.281,46.875,292.969,199.219,-92.22,-57.92,4.336,50.809,17.83,0,
FFS,2021,Croak,0.2223,0.0941,152.344,175.781,199.219,246.094,304.688,70.312,152.344,234.375,-89.86,-55.82,3.775,67.429,20.76,0,
FFS,2021,Growl,5.3849,3.284,23.438,140.625,222.656,257.812,375,117.188,351.562,257.812,-97.85,-58.46,4.865,26.882,17.9,0,
FFS,2021,Growl,4.0072,3.3781,164.062,210.938,246.094,281.25,386.719,70.312,222.656,257.812,-87.23,-51.53,4.436,91.211,16.07,0,
FFS,2021,Growl,6.6159,3.4465,140.625,210.938,246.094,281.25,363.281,70.312,222.656,281.25,-88.26,-47.51,4.377,81.03,16.77,0,
FFS,2021,Growl,6.9551,4.0195,93.75,128.906,187.5,304.688,375,175.781,281.25,304.688,-93.21,-53.76,4.631,45.842,16.89,0,
FFS,2021,Growl,4.9702,4.1649,105.469,152.344,246.094,316.406,375,164.062,269.531,117.188,-92.3,-59.68,4.65,50.866,18.42,0,
FFS,2021,Growl,2.2076,1.7532,140.625,175.781,187.5,210.938,257.812,35.156,117.188,210.938,-90.7,-52.26,3.507,61.187,18.32,0,
FFS,2021,Growl,2.4926,2.1209,117.188,164.062,175.781,199.219,304.688,35.156,187.5,187.5,-95.92,-59.47,3.864,33.542,19.67,0,
FFS,2021,Growl,3.436,2.9847,128.906,187.5,269.531,304.688,410.156,117.188,281.25,281.25,-98.9,-65.17,4.833,23.783,20.39,0,
FFS,2021,Growl,1.0691,0.3934,128.906,164.062,210.938,234.375,292.969,70.312,164.062,234.375,-89.01,-50.11,4.017,74.317,22.46,0,
FFS,2021,Growl,3.2138,2.7965,82.031,164.062,187.5,210.938,316.406,46.875,234.375,210.938,-95.73,-59.11,4.387,34.32,19.63,0,
FFS,2021,Growl,3.1916,2.8051,105.469,175.781,187.5,210.938,515.625,35.156,410.156,187.5,-98.99,-63.65,4.152,23.591,20.15,0,
FFS,2021,Growl,4.5246,3.9169,105.469,175.781,187.5,257.812,468.75,82.031,363.281,199.219,-101.14,-66.44,4.378,18.393,21.49,0,
FFS,2021,Growl,0.7082,0.3164,152.344,175.781,222.656,246.094,339.844,70.312,187.5,246.094,-86.56,-46.8,3.891,98.679,22.31,0,
FFS,2021,Growl,1.4873,1.0263,82.031,140.625,234.375,292.969,304.688,152.344,222.656,292.969,-88.92,-46.23,4.058,75.109,19.73,0,
FFS,2021,Growl,1.2433,0.821,70.312,117.188,164.062,210.938,339.844,93.75,269.531,128.906,-90.75,-53.06,4.437,60.783,19.32,0,
FFS,2021,Growl,2.6842,2.2406,117.188,175.781,210.938,292.969,421.875,117.188,304.688,304.688,-98.91,-61.8,4.696,23.796,21.77,0,
FFS,2021,Growl,4.2034,3.5149,105.469,175.781,187.5,210.938,550.781,35.156,445.312,175.781,-102.54,-66.41,4.284,15.657,22.51,0,
FFS,2021,Growl,2.2119,1.8558,93.75,152.344,187.5,234.375,375,82.031,281.25,281.25,-98.51,-64.19,4.552,24.857,18.5,0,
FFS,2021,Growl,3.4815,2.8478,117.188,164.062,175.781,210.938,316.406,46.875,199.219,152.344,-100.26,-61.89,4.23,20.358,22.08,0,
FFS,2021,Growl,1.4827,0.5388,152.344,175.781,199.219,222.656,304.688,46.875,152.344,187.5,-90.9,-49.72,3.92,59.712,23.02,0,
FFS,2021,Whoop,0.1853,0.0513,187.5,246.094,281.25,328.125,445.312,82.031,257.812,269.531,-84.9,-51.18,4.583,120.84,25.72,0,1
FFS,2021,Whoop,0.1462,0.077,152.344,175.781,187.5,199.219,234.375,23.438,82.031,187.5,-93.01,-56.71,3.024,46.834,18.24,0,3
FFS,2021,Whoop,0.0819,0.0513,199.219,246.094,281.25,316.406,351.562,70.312,152.344,304.688,-84.42,-54.29,4.08,129.217,17.51,0,2
FFS,2021,Whoop,0.1884,0.0599,187.5,234.375,304.688,351.562,410.156,117.188,222.656,339.844,-90.21,-57.26,4.641,64.733,23.28,0,1
FFS,2021,Whoop,0.1084,0.0599,164.062,175.781,210.938,234.375,269.531,58.594,105.469,175.781,-93.79,-61.24,3.632,43.453,20.56,0,5
FFS,2021,Whoop,0.0764,0.0513,210.938,269.531,304.688,339.844,386.719,70.312,175.781,316.406,-94.5,-65.04,4.327,39.797,18.47,0,6
FFS,2021,Whoop,0.1086,0.0684,175.781,210.938,234.375,269.531,316.406,58.594,140.625,234.375,-95.55,-63.22,4.014,35.481,19.01,0,4
FFS,2021,Whoop,0.1023,0.0599,187.5,222.656,257.812,281.25,316.406,58.594,128.906,269.531,-98.36,-66.66,4.024,25.577,20.7,0,2
FFS,2021,Whoop,0.0649,0.0428,152.344,175.781,199.219,246.094,316.406,70.312,164.062,199.219,-90.44,-59.85,4.054,65.465,17.03,0,8
FFS,2021,Whoop,0.0799,0.0599,140.625,164.062,199.219,246.094,292.969,82.031,152.344,175.781,-99.42,-68.85,4.15,22.884,17.33,0,3
FFS,2021,Whoop,0.0783,0.0513,175.781,210.938,269.531,316.406,363.281,105.469,187.5,199.219,-90.55,-61.41,4.307,62.384,22.57,0,2
FFS,2021,Whoop,0.0821,0.0428,164.062,175.781,210.938,246.094,281.25,70.312,117.188,175.781,-94.48,-63.08,3.756,40.485,17.99,0,5
FFS,2021,Whoop,0.0457,0.0342,140.625,164.062,175.781,187.5,222.656,23.438,82.031,175.781,-99.52,-67.37,3.019,23.031,21.08,0,3
FFS,2021,Whoop,0.0828,0.0599,128.906,199.219,269.531,292.969,328.125,93.75,199.219,281.25,-101.66,-69.85,4.277,17.754,20.39,0,2
FFS,2021,Whoop,0.0766,0.0513,164.062,257.812,292.969,328.125,363.281,70.312,199.219,281.25,-96.01,-66.65,4.427,33.634,22.92,0,1
FFS,2021,Whoop,0.0571,0.0513,175.781,210.938,246.094,281.25,316.406,70.312,140.625,281.25,-100.58,-71.69,3.991,20.931,20.37,0,4
FFS,2021,Whoop,0.0546,0.0428,187.5,269.531,328.125,363.281,410.156,93.75,222.656,328.125,-96.9,-68.59,4.557,30.177,18.11,0,
FFS,2021,Whoop,0.0629,0.0513,164.062,187.5,222.656,257.812,292.969,70.312,128.906,246.094,-96.1,-66.41,3.826,34.644,17.3,0,5
FFS,2021,Whoop,0.0718,0.0599,152.344,246.094,292.969,316.406,375,70.312,222.656,292.969,-97.5,-67.76,4.578,29.285,22.2,0,8
FFS,2021,Whoop,0.1127,0.077,117.188,152.344,175.781,222.656,328.125,70.312,210.938,164.062,-103.01,-69.9,4.228,15.294,21.55,0,3
Kala,2023,Rumble,3.2517,2.8051,93.75,123.047,187.5,240.234,603.516,117.188,509.766,123.047,-104.76,-75.41,5.867,12.143,29.76,0,
Kala,2023,MoanGrowl,4.2978,3.934,70.312,93.75,316.406,398.438,568.359,304.688,498.047,76.172,-103.73,-66.46,6.298,13.673,28.69,0,
Kala,2023,Croak,0.3779,0.2737,70.312,146.484,328.125,363.281,562.5,216.797,492.188,339.844,-104.72,-75.5,6.126,12.127,28.69,0,
Kala,2023,Whoop,0.0999,0.0855,164.062,240.234,328.125,369.141,386.719,128.906,222.656,375,-102.83,-75.49,5.39,16.37,29.5,0,1
Kala,2023,Growl,2.6674,1.5394,99.609,205.078,281.25,310.547,421.875,105.469,322.266,304.688,-98.4,-60.24,5.662,25.224,28.21,0,
Kala,2023,Croak,0.4667,0.3079,105.469,240.234,304.688,339.844,380.859,99.609,275.391,304.688,-96.6,-62.98,5.36,31.046,26.12,0,
Kala,2023,GrowlRumbleWhoop,5.2054,4.4642,76.172,181.641,275.391,310.547,445.312,128.906,369.141,111.328,-100.19,-66.72,5.991,20.537,28.78,0,4
Kala,2023,Whoop,0.2341,0.1368,158.203,240.234,269.531,292.969,328.125,52.734,169.922,287.109,-97.95,-67.9,5.071,26.298,28.11,0,4
Kala,2023,Whoop,0.1858,0.1197,210.938,263.672,287.109,298.828,369.141,35.156,158.203,292.969,-102.22,-70.94,4.764,16.421,32.07,0,4
Kala,2023,Whoop,0.1755,0.1197,158.203,263.672,287.109,298.828,421.875,35.156,263.672,298.828,-105.47,-74.93,4.926,11.618,29.44,0,4
Kala,2023,Whoop,0.2253,0.1881,87.891,287.109,304.688,421.875,492.188,134.766,404.297,304.688,-107,-76.72,5.62,9.436,30.67,0,4
Kala,2023,Whoop,0.3638,0.3079,5.859,134.766,210.938,369.141,837.891,234.375,832.031,222.656,-111.7,-83.99,6.571,5.562,30.23,0,4
Kala,2023,Whoop,0.2399,0.1881,0,128.906,164.062,339.844,849.609,210.938,849.609,0,-111.65,-82.56,5.93,5.47,32.3,0,4
Kala,2023,Croak,0.6237,0.4276,216.797,281.25,328.125,351.562,574.219,70.312,357.422,339.844,-98.19,-65.6,5.515,26.061,27.02,0,
Kala,2023,Growl,0.8756,0.5644,222.656,281.25,316.406,345.703,474.609,64.453,251.953,328.125,-98.51,-64.09,5.361,25.1,28.45,0,
Kala,2023,Growl,4.2635,3.7116,199.219,275.391,310.547,333.984,515.625,58.594,316.406,298.828,-101.64,-67.38,5.52,17.398,29.15,0,
Kala,2023,Whoop,0.1408,0.0855,216.797,263.672,287.109,304.688,369.141,41.016,152.344,298.828,-100.87,-72.42,4.726,18.93,28.78,0,3
Kala,2023,Whoop,0.1265,0.0855,240.234,269.531,298.828,339.844,375,70.312,134.766,269.531,-103.39,-76.3,4.948,14.186,30.47,0,
Kala,2023,Whoop,0.1079,0.0855,0,269.531,298.828,322.266,750,52.734,750,304.688,-108.07,-81.24,5.306,8.394,31.05,0,3
LR,2021,MoanGrowl,4.703,4.0964,58.594,58.594,70.312,82.031,269.531,23.438,210.938,70.312,-89.2,-47.78,2.929,72.756,16.73,2,
LR,2021,MoanGrowl,1.8997,1.719,70.312,246.094,269.531,339.844,457.031,93.75,386.719,70.312,-91.87,-55.23,4.704,53.508,17.95,2,
LR,2021,MoanWhoop,0.7998,0.4105,46.875,82.031,117.188,234.375,328.125,152.344,281.25,269.531,-95.33,-58.48,4.559,36.019,20.26,3,1
LR,2021,MoanForagingCall,0.7625,0.6927,35.156,46.875,117.188,187.5,363.281,140.625,328.125,187.5,-96.59,-60.77,4.458,31.153,20.62,3,
LR,2021,MoanForagingCall,1.0949,0.9065,46.875,93.75,269.531,304.688,539.062,210.938,492.188,304.688,-91.4,-53.44,4.406,56.44,17.71,2,
LR,2021,MoanForagingCall,1.1587,0.821,35.156,46.875,82.031,199.219,398.438,152.344,363.281,46.875,-96.84,-59.11,4.275,30.141,20.17,2,
LR,2021,MoanForagingCall,1.4206,1.2657,46.875,58.594,117.188,281.25,550.781,222.656,503.906,58.594,-90.65,-53.16,4.372,61.542,17.64,7,
LR,2021,MoanForagingCall,1.1031,0.8381,58.594,82.031,93.75,199.219,292.969,117.188,234.375,199.219,-89.79,-51.08,3.97,67.997,17.37,6,
LR,2021,MoanGrowl,3.0801,2.5229,35.156,246.094,257.812,269.531,480.469,23.438,445.312,257.812,-96.51,-59.12,3.917,31.35,19.66,3,
LR,2021,MoanForagingCall,0.9724,0.8039,46.875,222.656,234.375,269.531,421.875,46.875,375,234.375,-94.79,-54,4.201,38.258,22.4,3,
LR,2021,MoanForagingCall,1.9628,1.5907,46.875,58.594,70.312,187.5,281.25,128.906,234.375,46.875,-93.62,-53.25,3.8,43.784,18.99,5,
LR,2021,MoanForagingCall,0.9166,0.6671,46.875,58.594,70.312,117.188,187.5,58.594,140.625,128.906,-91.9,-55.37,3.305,53.257,18.34,6,
LR,2021,MoanGrowl,2.7877,2.5314,58.594,93.75,222.656,269.531,433.594,175.781,375,210.938,-93.38,-53.02,4.582,44.947,19,5,
LR,2021,GrowlWhoop,3.5982,3.1728,46.875,58.594,82.031,152.344,269.531,93.75,222.656,152.344,-92.61,-52.67,4.051,49.067,18.79,0,
LR,2021,MoanGrowl,5.5022,4.755,58.594,175.781,199.219,316.406,445.312,140.625,386.719,187.5,-88.03,-51.12,4.879,83.158,15.36,5,
LR,2021,MoanGrowl,1.2888,1.0519,35.156,46.875,257.812,363.281,398.438,316.406,363.281,46.875,-92.95,-54.29,4.351,47.279,19.31,2,
LR,2021,MoanWhoop,1.2086,1.0776,46.875,70.312,105.469,152.344,269.531,82.031,222.656,105.469,-94.84,-54.29,4.078,38.074,18.64,3,
LR,2021,Croak,0.2534,0.1283,82.031,234.375,257.812,269.531,351.562,35.156,269.531,257.812,-86.09,-49.77,3.889,102.953,18.89,0,
LR,2021,Croak,0.2534,0.1112,187.5,199.219,199.219,210.938,269.531,11.719,82.031,199.219,-86.63,-48.06,2.356,96.677,20.62,0,
LR,2021,Croak,0.3928,0.2395,187.5,210.938,246.094,292.969,351.562,82.031,164.062,210.938,-90.71,-55.39,4.009,61.192,18.22,0,
LR,2021,Croak,0.3433,0.1967,187.5,222.656,234.375,269.531,375,46.875,187.5,269.531,-85.94,-50.99,3.722,105.738,17.95,0,
LR,2021,Croak,0.434,0.2395,117.188,257.812,328.125,398.438,468.75,140.625,351.562,457.031,-88.71,-54.9,4.937,76.391,18,0,
LR,2021,Croak,0.2664,0.1368,187.5,222.656,234.375,292.969,339.844,70.312,152.344,234.375,-79.45,-42.58,3.815,222.986,20.42,0,
LR,2021,Croak,0.4694,0.2309,128.906,199.219,246.094,304.688,386.719,105.469,257.812,257.812,-84.01,-48.78,4.473,132.32,20.19,0,
LR,2021,Croak,0.4466,0.2908,210.938,246.094,257.812,304.688,398.438,58.594,187.5,246.094,-90.76,-54.24,3.949,60.652,17.34,0,
LR,2021,Croak,0.4512,0.2993,199.219,234.375,246.094,257.812,339.844,23.438,140.625,246.094,-91.04,-55.52,3.572,58.99,17.46,0,
LR,2021,Croak,0.4737,0.1625,105.469,199.219,222.656,269.531,328.125,70.312,222.656,199.219,-84.35,-48.96,4.19,127.858,23.54,0,
LR,2021,Croak,0.2648,0.1197,164.062,187.5,199.219,210.938,304.688,23.438,140.625,199.219,-78.37,-41.27,3.154,253.341,21.65,0,
LR,2021,Croak,0.3646,0.1967,128.906,210.938,234.375,292.969,386.719,82.031,257.812,234.375,-81.46,-46.55,4.37,175.975,18.39,0,
LR,2021,Croak,0.4063,0.2651,210.938,234.375,246.094,269.531,398.438,35.156,187.5,246.094,-88.25,-51.99,3.651,81.56,17.2,0,
LR,2021,Croak,0.3701,0.1967,210.938,246.094,257.812,339.844,445.312,93.75,234.375,246.094,-91.8,-56.36,4.193,53.772,19.25,0,
LR,2021,Croak,0.4847,0.248,140.625,246.094,339.844,410.156,480.469,164.062,339.844,351.562,-83.04,-48.08,4.853,148.267,19.83,0,
LR,2021,Croak,0.3633,0.1625,128.906,199.219,222.656,246.094,363.281,46.875,234.375,210.938,-83.9,-48.01,3.944,133.192,19.79,0,
LR,2021,Croak,0.2514,0.1454,93.75,164.062,175.781,222.656,257.812,58.594,164.062,175.781,-94.45,-58.19,3.572,39.48,25.98,0,
LR,2021,Croak,0.4945,0.2224,187.5,210.938,246.094,257.812,433.594,46.875,246.094,246.094,-89.68,-50.5,3.671,68.939,20.62,0,
LR,2021,Croak,0.452,0.171,128.906,246.094,257.812,304.688,339.844,58.594,210.938,269.531,-89.23,-52.01,3.948,72.553,20.9,0,
LR,2021,Croak,0.4859,0.2566,128.906,175.781,246.094,328.125,375,152.344,246.094,257.812,-86.17,-50.81,4.38,103.228,19.98,0,
LR,2021,ForagingCall,0.4888,0.2395,199.219,222.656,246.094,292.969,562.5,70.312,363.281,257.812,-98.06,-60.28,4.235,26.402,23.48,0,
LR,2021,Growl,2.0775,1.642,175.781,199.219,199.219,210.938,246.094,11.719,70.312,199.219,-91.14,-54.62,2.521,58.176,16.38,0,
LR,2021,Growl,2.7597,2.0354,128.906,199.219,210.938,222.656,292.969,23.438,164.062,199.219,-91.4,-53.64,3.591,56.49,18.07,0,
LR,2021,Growl,3.3586,2.9676,105.469,175.781,187.5,210.938,363.281,35.156,257.812,187.5,-93.02,-55.2,4.058,46.886,17.92,0,
LR,2021,Growl,2.8182,2.3347,199.219,222.656,246.094,269.531,351.562,46.875,152.344,246.094,-91.37,-54.92,3.939,56.602,16.31,0,
LR,2021,Growl,1.7207,1.2914,187.5,210.938,234.375,269.531,363.281,58.594,175.781,199.219,-86.02,-50.06,4.048,104.877,16.57,0,
LR,2021,Growl,2.5996,2.0696,140.625,246.094,269.531,339.844,445.312,93.75,304.688,257.812,-88.48,-53.08,4.213,79.048,16.86,0,
LR,2021,Growl,4.0958,3.3182,128.906,175.781,210.938,246.094,351.562,70.312,222.656,210.938,-86.96,-47.24,4.424,94.154,17.42,0,
LR,2021,Growl,3.7568,3.1386,117.188,210.938,234.375,292.969,421.875,82.031,304.688,234.375,-84.81,-49.65,4.613,120.554,16.04,0,
LR,2021,Growl,1.5844,1.1032,93.75,164.062,199.219,222.656,328.125,58.594,234.375,199.219,-81.94,-46.43,4.299,167.597,17.16,0,
LR,2021,Growl,3.1348,2.7025,199.219,210.938,222.656,257.812,339.844,46.875,140.625,222.656,-91.22,-53.51,3.457,57.6,17.7,0,
LR,2021,Growl,2.511,2.0183,140.625,164.062,187.5,246.094,316.406,82.031,175.781,234.375,-81.82,-43.44,4.15,169.914,17.51,0,
LR,2021,Growl,4.0686,3.6774,140.625,210.938,222.656,234.375,351.562,23.438,210.938,210.938,-85.54,-49.58,3.486,110.688,15.26,0,
LR,2021,Growl,1.8413,1.4624,210.938,246.094,257.812,269.531,375,23.438,164.062,257.812,-91.77,-57.06,3.202,54.059,17.4,0,
LR,2021,Growl,4.0574,3.3952,164.062,234.375,339.844,410.156,515.625,175.781,351.562,375,-82.3,-49.34,5.084,161.123,14.92,0,
LR,2021,Growl,2.4048,1.967,140.625,222.656,222.656,234.375,375,11.719,234.375,222.656,-82.34,-45.54,3.305,160.07,16.32,0,
LR,2021,Growl,2.9243,2.2663,140.625,199.219,210.938,210.938,292.969,11.719,152.344,210.938,-94.08,-56.78,2.832,41.471,17.87,0,
LR,2021,Growl,4.2527,3.2241,175.781,199.219,210.938,246.094,363.281,46.875,187.5,199.219,-92.24,-54.04,3.739,51.248,17.62,0,
LR,2021,Growl,3.9067,3.1899,187.5,199.219,210.938,281.25,398.438,82.031,210.938,316.406,-90.31,-55.41,4.058,63.984,17.07,0,
LR,2021,Growl,2.5578,2.0867,105.469,222.656,304.688,339.844,386.719,117.188,281.25,339.844,-86.5,-51.63,4.593,99.217,16.31,0,
LR,2021,Growl,3.3791,2.8821,140.625,175.781,187.5,234.375,386.719,58.594,246.094,210.938,-85.42,-48.98,4.025,112.444,16.07,0,
LR,2021,Moan,0.995,0.7782,46.875,70.312,70.312,70.312,82.031,0,35.156,70.312,-92.33,-55.55,1.783,50.664,16.52,3,
LR,2021,Moan,0.3859,0.2993,23.438,58.594,70.312,93.75,105.469,35.156,82.031,105.469,-99.53,-65.75,3.065,22.211,18.48,3,
LR,2021,Moan,0.5409,0.3421,35.156,46.875,82.031,93.75,105.469,46.875,70.312,93.75,-89.77,-51.76,2.723,67.993,17.42,5,
LR,2021,Moan,1.0194,0.8296,35.156,58.594,70.312,105.469,128.906,46.875,93.75,58.594,-95.57,-61.14,3.245,34.898,20.49,4,
LR,2021,Moan,0.914,0.7611,46.875,46.875,58.594,70.312,117.188,23.438,70.312,58.594,-92.56,-55.56,2.235,49.417,17.96,3,
LR,2021,Moan,0.4249,0.3079,46.875,58.594,58.594,70.312,117.188,11.719,70.312,58.594,-88.74,-53.15,2.276,76.978,16.43,7,
LR,2021,Moan,0.7681,0.6072,23.438,35.156,35.156,70.312,246.094,35.156,222.656,35.156,-100.29,-64.53,2.997,20.306,21.68,3,
LR,2021,Moan,1.1503,0.7868,35.156,58.594,70.312,70.312,164.062,11.719,128.906,70.312,-91.45,-55.66,2.717,56.184,17.59,6,
LR,2021,Moan,0.6487,0.5217,23.438,35.156,46.875,70.312,269.531,35.156,246.094,35.156,-98.88,-63.31,3.221,23.897,17.97,3,
LR,2021,Moan,0.4793,0.3164,46.875,58.594,82.031,93.75,128.906,35.156,82.031,58.594,-93.96,-58.69,3.253,42.025,18.74,4,
LR,2021,Moan,0.5038,0.3506,35.156,46.875,46.875,58.594,222.656,11.719,187.5,46.875,-96.03,-59.12,2.716,33.163,20.14,3,
LR,2021,Moan,0.3442,0.2737,35.156,46.875,46.875,82.031,140.625,35.156,105.469,46.875,-97.78,-62.41,3.165,27.04,20.23,3,
LR,2021,Moan,0.4191,0.3763,46.875,58.594,58.594,93.75,222.656,35.156,175.781,58.594,-102,-68.14,3.132,16.629,22.04,3,
LR,2021,Moan,0.5188,0.4362,35.156,35.156,46.875,82.031,199.219,46.875,164.062,46.875,-98.33,-63.44,2.877,25.505,20.77,3,
LR,2021,Moan,0.7391,0.6072,46.875,58.594,70.312,70.312,187.5,11.719,140.625,70.312,-92.45,-55.49,2.498,49.981,17.11,4,
LR,2021,Moan,0.5943,0.4276,46.875,58.594,70.312,117.188,140.625,58.594,93.75,58.594,-91.35,-55.47,2.889,56.993,17.83,5,
LR,2021,Moan,0.3895,0.2993,58.594,58.594,70.312,82.031,152.344,23.438,93.75,70.312,-90.44,-54.3,2.674,63.431,16.45,0,
LR,2021,Whoop,0.1264,0.0855,222.656,304.688,398.438,480.469,539.062,175.781,316.406,257.812,-92.34,-62.55,5,51.162,22.54,0,2
LR,2021,Whoop,0.1705,0.0941,93.75,339.844,386.719,457.031,527.344,117.188,433.594,386.719,-88.95,-55.81,4.605,75.062,19.92,0,1
LR,2021,Whoop,0.2327,0.0941,117.188,187.5,199.219,210.938,257.812,23.438,140.625,199.219,-84.8,-46.23,3.371,122.382,20.76,0,6
LR,2021,Whoop,0.1756,0.077,140.625,187.5,234.375,257.812,304.688,70.312,164.062,246.094,-79.04,-45.35,4.201,237.049,22.18,0,5
LR,2021,Whoop,0.1076,0.077,128.906,304.688,339.844,515.625,527.344,210.938,398.438,527.344,-92.11,-61.31,4.441,51.346,17.39,0,3
LR,2021,Whoop,0.1344,0.077,222.656,281.25,339.844,433.594,597.656,152.344,375,328.125,-91.07,-60.94,5.067,59.322,17.81,0,3
LR,2021,Whoop,0.1284,0.0513,210.938,246.094,292.969,375,457.031,128.906,246.094,246.094,-91.03,-58.39,4.642,58.883,20.35,0,4
LR,2021,Whoop,0.1053,0.0513,210.938,281.25,316.406,339.844,375,58.594,164.062,328.125,-88.13,-55.58,4.058,81.67,20.03,0,3
LR,2021,Whoop,0.1313,0.0599,117.188,269.531,304.688,339.844,410.156,70.312,292.969,269.531,-95.21,-62.83,4.242,37.178,19.18,0,1
LR,2021,Whoop,0.1604,0.0855,246.094,351.562,433.594,503.906,550.781,152.344,304.688,421.875,-95.26,-64.42,4.831,35.973,19.42,0,2
LR,2021,Whoop,0.1192,0.077,58.594,269.531,316.406,375,539.062,105.469,480.469,316.406,-98.29,-67.53,4.877,25.204,20.58,0,8
LR,2021,Whoop,0.0912,0.0599,35.156,199.219,257.812,281.25,328.125,82.031,292.969,269.531,-94.3,-62.66,4.31,40.059,18.28,0,5
LR,2021,Whoop,0.1559,0.0941,46.875,82.031,140.625,187.5,257.812,105.469,210.938,187.5,-91.83,-59.13,4.324,54.065,19.85,0,1
LR,2021,Whoop,0.1254,0.0684,70.312,304.688,375,433.594,515.625,128.906,445.312,375,-91.86,-60.51,4.992,54.916,21.8,0,1
LR,2021,Whoop,0.2847,0.077,117.188,187.5,199.219,222.656,246.094,35.156,128.906,199.219,-80.36,-41.6,3.303,200.446,26.23,0,5
LR,2021,Whoop,0.1355,0.077,199.219,281.25,351.562,386.719,480.469,105.469,281.25,351.562,-91.14,-59.22,4.654,58.437,18.16,0,11
LR,2021,Whoop,0.163,0.0684,35.156,257.812,375,445.312,539.062,187.5,503.906,46.875,-89.66,-58.74,5.03,68.972,19.86,0,2
LR,2021,Whoop,0.1237,0.0684,246.094,304.688,363.281,410.156,480.469,105.469,234.375,410.156,-90.95,-61.06,4.59,58.67,16.68,0,3
LR,2021,Whoop,0.1351,0.0684,210.938,246.094,304.688,363.281,445.312,117.188,234.375,257.812,-88.83,-58.06,4.697,74.452,19.2,0,3
LR,2021,Whoop,0.2498,0.1454,128.906,152.344,187.5,234.375,246.094,82.031,117.188,234.375,-87.37,-51.49,3.584,89.646,19.18,0,4
PHR,2021,MoanGrowl,3.522,3.1985,46.875,70.312,210.938,410.156,492.188,339.844,445.312,58.594,-89.69,-52.72,4.908,68.777,15.78,4,
PHR,2021,MoanBridgeGrowl,2.664,2.2749,117.188,164.062,175.781,175.781,199.219,11.719,82.031,175.781,-97.29,-58.11,2.899,28.686,22.03,3,
PHR,2021,MoanGrowl,4.1113,2.7709,187.5,292.969,351.562,398.438,515.625,105.469,328.125,386.719,-97.04,-62.01,4.973,29.468,22.03,5,
PHR,2021,MoanWhoop,1.9859,1.6506,46.875,58.594,93.75,105.469,257.812,46.875,210.938,58.594,-99.84,-61.33,3.682,21.394,22.83,4,
PHR,2021,MoanGrowl,5.1637,3.532,187.5,292.969,351.562,386.719,457.031,93.75,269.531,363.281,-91.81,-56.54,4.766,53.824,16.71,5,
PHR,2021,MoanGrowl,5.4403,3.9511,164.062,175.781,187.5,210.938,410.156,35.156,246.094,187.5,-100.06,-61.47,3.588,20.818,18.45,4,
PHR,2021,MoanGrowl,1.2187,1.0434,46.875,70.312,93.75,117.188,257.812,46.875,210.938,70.312,-102.74,-60.07,3.767,15.287,20.78,3,
PHR,2021,MoanGrowl,5.9522,4.0024,164.062,187.5,199.219,304.688,375,117.188,210.938,187.5,-101.28,-63.37,4.221,18.108,18.54,5,
PHR,2021,MoanGrowl,3.7394,3.361,58.594,128.906,210.938,246.094,351.562,117.188,292.969,246.094,-108.7,-73.76,4.902,7.713,21.22,3,
PHR,2021,MoanBridgeGrowl,4.0129,3.5406,175.781,187.5,210.938,292.969,398.438,105.469,222.656,199.219,-93.88,-54.88,4.229,42.406,16.77,0,
PHR,2021,BridgeGrowlRumble,3.5491,2.7196,70.312,117.188,175.781,187.5,234.375,70.312,164.062,175.781,-101.01,-61.92,3.769,18.671,23.58,0,
PHR,2021,MoanBridgeGrowl,2.7419,2.463,105.469,175.781,187.5,199.219,234.375,23.438,128.906,187.5,-99.72,-61.61,3.302,21.647,23.48,4,
PHR,2021,MoanGrowl,4.9491,4.3102,70.312,187.5,199.219,222.656,386.719,35.156,316.406,187.5,-101.75,-64.97,3.968,17.158,22.32,3,
PHR,2021,MoanGrowl,6.933,3.113,175.781,199.219,281.25,386.719,445.312,187.5,269.531,210.938,-96.65,-52.73,4.541,30.857,18.58,4,
PHR,2021,MoanGrowl,5.8573,5.3108,58.594,292.969,363.281,421.875,457.031,128.906,398.438,328.125,-86.61,-50.98,4.904,98.014,15.28,7,
PHR,2021,GrowlRumbleWhoop,3.9711,3.2583,140.625,199.219,222.656,281.25,339.844,82.031,199.219,210.938,-96.45,-58.21,4.238,31.553,20.83,0,
PHR,2021,MoanGrowl,3.3057,2.634,164.062,210.938,257.812,304.688,398.438,93.75,234.375,246.094,-93.35,-57.18,4.573,45.055,18.1,5,
PHR,2021,MoanGrowlRumbleWhoop,2.5478,1.9841,128.906,222.656,316.406,386.719,433.594,164.062,304.688,386.719,-98.59,-63.22,4.781,24.674,22.43,5,
PHR,2021,MoanWhoop,1.9461,1.7104,46.875,82.031,93.75,105.469,152.344,23.438,105.469,105.469,-101.98,-62.98,3.068,16.689,25.48,4,
PHR,2021,MoanGrowl,2.4077,2.2235,58.594,128.906,210.938,234.375,304.688,105.469,246.094,222.656,-103.3,-62.16,4.563,14.351,26.51,3,
PHR,2021,MoanGrowl,5.9694,5.5931,46.875,105.469,175.781,257.812,433.594,152.344,386.719,105.469,-108.88,-72.69,4.958,7.546,23.92,3,
PHR,2021,MoanGrowlRumble,4.2207,2.5314,175.781,257.812,339.844,398.438,468.75,140.625,292.969,398.438,-95.07,-59.57,5.034,36.977,22.59,6,
PHR,2021,MoanBridgeGrowl,2.5168,1.8644,117.188,175.781,187.5,199.219,222.656,23.438,105.469,187.5,-96.17,-56.6,2.98,32.585,20.4,4,
PHR,2021,GrowlRumbleWhoop,2.6412,2.1637,105.469,175.781,234.375,292.969,386.719,117.188,281.25,222.656,-95.47,-58.27,4.88,35.339,18.45,0,
PHR,2021,CroakBridgeGrowlWhoop,2.9808,2.5143,164.062,210.938,257.812,316.406,480.469,105.469,316.406,222.656,-86.81,-47.71,4.788,95.689,16.3,0,
PHR,2021,MoanGrowlWhoop,2.0285,1.7532,35.156,46.875,82.031,117.188,222.656,70.312,187.5,128.906,-86.01,-49.3,3.762,104.905,18.5,7,
PHR,2021,MoanBridgeGrowl,2.7795,2.0183,105.469,175.781,199.219,281.25,410.156,105.469,304.688,187.5,-97.77,-57.02,4.376,27.114,19.56,6,
PHR,2021,MoanGrowlRumbleWhoop,4.6924,3.9682,70.312,128.906,187.5,304.688,433.594,175.781,363.281,117.188,-102.44,-61.88,4.901,15.836,30,3,
PHR,2021,MoanGrowlRumble,3.1884,2.6426,70.312,164.062,210.938,257.812,421.875,93.75,351.562,210.938,-104.88,-69.96,4.94,11.943,21.5,3,
PHR,2021,MoanGrowl,2.6507,2.0354,175.781,199.219,281.25,351.562,445.312,152.344,269.531,187.5,-95.93,-60.14,4.603,33.513,20.14,4,
PHR,2021,MoanGrowl,3.5851,2.3518,117.188,187.5,199.219,269.531,433.594,82.031,316.406,128.906,-97.04,-58.44,4.357,29.479,19,5,
PHR,2021,MoanWhoop,1.9701,1.6506,46.875,70.312,93.75,105.469,257.812,35.156,210.938,58.594,-99.79,-61.36,3.681,21.474,22.75,4,
PHR,2021,Croak,0.1734,0.0855,128.906,246.094,281.25,328.125,375,82.031,246.094,269.531,-89.37,-55.84,4.285,70.881,21.57,0,
PHR,2021,Croak,0.3888,0.1967,164.062,187.5,199.219,246.094,316.406,58.594,152.344,187.5,-91.92,-56.22,3.728,53.497,21.83,0,
PHR,2021,Croak,0.4082,0.2053,175.781,199.219,210.938,234.375,433.594,35.156,257.812,210.938,-92.13,-54.95,3.879,52.019,21,0,
PHR,2021,Croak,0.1704,0.1112,105.469,187.5,210.938,316.406,433.594,128.906,328.125,199.219,-101.05,-67.72,4.66,18.672,18.94,0,
PHR,2021,Croak,0.3035,0.1625,117.188,152.344,187.5,187.5,210.938,35.156,93.75,187.5,-98.07,-60.56,3.248,26.369,22.26,0,
PHR,2021,Croak,0.2873,0.1368,152.344,199.219,210.938,257.812,339.844,58.594,187.5,199.219,-90.89,-55.27,3.809,59.362,21.19,0,
PHR,2021,Croak,0.452,0.1625,128.906,210.938,246.094,257.812,304.688,46.875,175.781,246.094,-89.39,-50.5,3.717,70.566,23.05,0,
PHR,2021,Croak,0.1585,0.0855,164.062,164.062,175.781,187.5,292.969,23.438,128.906,175.781,-90.96,-53.87,2.759,60.178,19.97,0,
PHR,2021,Croak,0.3507,0.1881,140.625,187.5,199.219,210.938,457.031,23.438,316.406,199.219,-87.18,-51.49,3.765,91.816,19.98,0,
PHR,2021,Croak,0.1372,0.0684,210.938,234.375,246.094,246.094,292.969,11.719,82.031,246.094,-78.99,-42.06,2.696,236.065,21.31,0,
PHR,2021,Croak,0.4005,0.1625,175.781,210.938,246.094,281.25,339.844,70.312,164.062,246.094,-86.81,-51.6,3.98,95.916,23.87,0,
PHR,2021,Croak,0.347,0.1881,164.062,257.812,304.688,328.125,375,70.312,210.938,316.406,-94.78,-59.93,4.415,38.004,19.94,0,
PHR,2021,Croak,0.1507,0.0684,199.219,234.375,257.812,269.531,292.969,35.156,93.75,269.531,-84.24,-49.85,3.427,130.282,20.94,0,
PHR,2021,Croak,0.3322,0.1881,70.312,128.906,152.344,234.375,292.969,105.469,222.656,128.906,-89.71,-53.19,4.438,68.731,18.4,0,
PHR,2021,Croak,0.3721,0.2052,164.062,187.5,222.656,281.25,375,93.75,210.938,187.5,-93.27,-58.75,4.41,45.29,20.66,0,
PHR,2021,Croak,0.1703,0.0941,164.062,187.5,199.219,210.938,234.375,23.438,70.312,199.219,-97.97,-62.22,2.855,26.588,23.39,0,
PHR,2021,Croak,0.2573,0.1112,210.938,222.656,234.375,257.812,304.688,35.156,93.75,246.094,-89.15,-52.58,3.216,73.06,21.77,0,
PHR,2021,Croak,0.3478,0.1368,175.781,210.938,234.375,257.812,281.25,46.875,105.469,246.094,-88.42,-49.7,3.503,78.966,23.51,0,
PHR,2021,Croak,0.1273,0.0684,199.219,210.938,222.656,222.656,328.125,11.719,128.906,222.656,-89.5,-53.04,2.633,70.732,18.97,0,
PHR,2021,Croak,0.1263,0.0684,187.5,246.094,269.531,269.531,292.969,23.438,105.469,269.531,-87.01,-51.18,3.164,91.533,18.26,0,
PHR,2021,Growl,3.0071,2.5998,175.781,199.219,257.812,316.406,398.438,117.188,222.656,363.281,-95.59,-60.62,4.59,34.878,10.77,0,
PHR,2021,Growl,3.732,2.6939,152.344,199.219,210.938,257.812,316.406,58.594,164.062,199.219,-89.05,-54.42,3.962,73.993,10.6,0,
PHR,2021,Growl,3.6749,2.9334,152.344,187.5,199.219,257.812,328.125,70.312,175.781,187.5,-87.39,-51.74,3.83,89.588,10.88,0,
PHR,2021,Growl,3.3074,2.5485,152.344,199.219,269.531,328.125,398.438,128.906,246.094,339.844,-90.06,-57.07,4.639,65.875,10.9,0,
PHR,2021,Growl,2.4273,1.9328,164.062,187.5,199.219,222.656,316.406,35.156,152.344,199.219,-92.45,-56.73,3.453,49.938,11,0,
PHR,2021,Growl,3.4911,2.6597,152.344,199.219,222.656,292.969,386.719,93.75,234.375,363.281,-87.51,-53.5,4.356,88.368,10.89,0,
PHR,2021,Growl,4.3131,3.7373,175.781,187.5,199.219,257.812,375,70.312,199.219,187.5,-89.35,-54.1,3.891,71.533,10.88,0,
PHR,2021,Growl,4.1777,2.9419,164.062,175.781,187.5,187.5,269.531,11.719,105.469,187.5,-95.53,-56.22,2.561,35.12,10.99,0,
PHR,2021,Growl,4.9707,3.8142,164.062,187.5,199.219,199.219,328.125,11.719,164.062,187.5,-98.19,-60.69,3.135,25.837,11.35,0,
PHR,2021,Growl,4.5522,3.6432,164.062,187.5,187.5,199.219,222.656,11.719,58.594,187.5,-98.83,-61.22,2.363,24,11.62,0,
PHR,2021,Growl,3.0741,2.4288,140.625,187.5,187.5,187.5,199.219,0,58.594,187.5,-96.75,-59.67,2.255,30.455,10.93,0,
PHR,2021,Growl,5.3287,4.6096,140.625,257.812,304.688,339.844,468.75,82.031,328.125,292.969,-87.07,-44.89,4.791,92.913,10.59,0,
PHR,2021,Growl,3.5943,3.1044,175.781,187.5,199.219,269.531,375,82.031,199.219,210.938,-88.57,-53.1,4.048,78.209,10.6,0,
PHR,2021,Growl,4.5768,3.8826,187.5,199.219,199.219,210.938,304.688,11.719,117.188,199.219,-96.25,-59.77,3.173,32.277,10.58,0,
PHR,2021,Growl,4.3515,3.609,164.062,187.5,187.5,199.219,281.25,11.719,117.188,187.5,-86.92,-49.7,3.119,94.471,10.76,0,
PHR,2021,Growl,4.0567,3.4379,164.062,199.219,269.531,339.844,398.438,140.625,234.375,304.688,-90.47,-57.4,4.606,62.819,10.64,0,
PHR,2021,Growl,4.0374,3.4037,175.781,187.5,199.219,210.938,363.281,23.438,187.5,187.5,-91.55,-55.78,3.08,55.469,10.59,0,
PHR,2021,Growl,4.8437,4.3359,164.062,187.5,199.219,222.656,468.75,35.156,304.688,199.219,-88.04,-50.8,3.799,83.076,10.82,0,
PHR,2021,Growl,4.6843,3.6859,175.781,210.938,269.531,316.406,386.719,105.469,210.938,246.094,-89.16,-52.91,4.464,72.982,10.56,0,
PHR,2021,Growl,2.7147,2.2406,117.188,187.5,199.219,246.094,304.688,58.594,187.5,175.781,-87.06,-51.78,3.952,92.977,10.72,0,
PHR,2021,Moan,0.9148,0.5815,58.594,70.312,93.75,105.469,140.625,35.156,82.031,105.469,-92.57,-58.35,2.869,49.105,18.11,6,
PHR,2021,Moan,1.3068,1.0177,58.594,70.312,93.75,93.75,128.906,23.438,70.312,93.75,-107.92,-74.26,2.977,8.437,25.95,5,
PHR,2021,Moan,1.0006,0.6585,46.875,58.594,70.312,93.75,105.469,35.156,58.594,93.75,-95.62,-60.52,2.571,34.745,21.34,7,
PHR,2021,Moan,0.3957,0.2993,23.438,58.594,93.75,105.469,210.938,46.875,187.5,93.75,-107.34,-75.44,3.77,9.084,25.47,8,
PHR,2021,Moan,0.4168,0.325,46.875,58.594,82.031,93.75,152.344,35.156,105.469,93.75,-109.88,-76.26,3.281,6.762,25.54,5,
PHR,2021,Moan,1.0465,0.7355,35.156,58.594,70.312,93.75,128.906,35.156,93.75,105.469,-107.7,-73.12,3.118,8.638,22.11,4,
PHR,2021,Moan,1.3279,0.821,46.875,70.312,93.75,105.469,152.344,35.156,105.469,105.469,-108.35,-73.8,3.372,8.015,23.74,5,
PHR,2021,Moan,1.3853,0.8723,23.438,70.312,93.75,105.469,281.25,35.156,257.812,93.75,-110.65,-75.52,3.188,6.159,28.79,4,
PHR,2021,Moan,1.1233,0.7611,0,58.594,82.031,93.75,304.688,35.156,304.688,93.75,-111.91,-77.6,3.484,5.322,23.52,4,
PHR,2021,Moan,0.7891,0.5217,58.594,93.75,128.906,152.344,175.781,58.594,117.188,128.906,-96.93,-60.7,3.669,29.837,21.33,7,
PHR,2021,Moan,0.7454,0.496,11.719,58.594,82.031,93.75,515.625,35.156,503.906,93.75,-110,-75.94,3.417,6.663,23.57,4,
PHR,2021,Moan,0.4481,0.3592,46.875,58.594,70.312,93.75,222.656,35.156,175.781,58.594,-109.12,-74.44,3.312,7.326,24.1,7,
PHR,2021,Moan,0.638,0.496,46.875,58.594,82.031,93.75,328.125,35.156,281.25,82.031,-106.06,-71.94,3.288,10.465,24.66,5,
PHR,2021,Moan,0.4348,0.3164,0,58.594,93.75,93.75,128.906,35.156,128.906,93.75,-111.25,-77.12,3.221,5.711,29.24,4,
PHR,2021,Moan,0.6239,0.5131,35.156,70.312,105.469,339.844,796.875,269.531,761.719,117.188,-111.88,-80.38,5.127,5.338,29.84,5,
PHR,2021,Moan,0.2833,0.2395,0,58.594,82.031,93.75,140.625,35.156,140.625,93.75,-108.33,-74.8,3.488,8.026,22.16,5,
PHR,2021,Whoop,0.125,0.0513,187.5,246.094,304.688,339.844,386.719,93.75,199.219,328.125,-86.61,-55.28,4.44,96.389,18.98,0,2
PHR,2021,Whoop,0.1746,0.0684,175.781,210.938,246.094,269.531,292.969,58.594,117.188,257.812,-82.73,-47.94,3.737,151.715,26.43,0,4
PHR,2021,Whoop,0.1496,0.0684,93.75,175.781,222.656,257.812,292.969,82.031,199.219,257.812,-86.11,-53.19,4.215,105.518,24.01,0,5
PHR,2021,Whoop,0.1199,0.0599,187.5,234.375,257.812,281.25,328.125,46.875,140.625,257.812,-88.68,-55.2,3.768,77.227,20.3,0,4
PHR,2021,Whoop,0.172,0.1026,128.906,199.219,339.844,375,457.031,175.781,328.125,351.562,-100.45,-67.57,4.707,20.108,21.05,0,5
PHR,2021,Whoop,0.0955,0.0428,175.781,222.656,281.25,351.562,410.156,128.906,234.375,363.281,-88.98,-60.52,4.709,74.933,18.97,0,3
PHR,2021,Whoop,0.0998,0.0428,210.938,246.094,269.531,281.25,328.125,35.156,117.188,257.812,-93.48,-59.95,3.561,46.534,19.97,0,2
PHR,2021,Whoop,0.1261,0.0599,164.062,210.938,234.375,257.812,292.969,46.875,128.906,234.375,-100.43,-66.39,3.755,20.149,24.91,0,3
PHR,2021,Whoop,0.3013,0.1796,175.781,257.812,304.688,339.844,503.906,82.031,328.125,304.688,-97.55,-62.35,4.666,27.797,21.38,0,4
PHR,2021,Whoop,0.1278,0.0684,140.625,187.5,199.219,222.656,257.812,35.156,117.188,199.219,-90.58,-56.14,3.549,62.285,20.43,0,2
PHR,2021,Whoop,0.137,0.0684,187.5,210.938,234.375,246.094,281.25,35.156,93.75,222.656,-94.02,-59.89,3.329,41.755,21.43,0,3
PHR,2021,Whoop,0.2341,0.1026,128.906,164.062,187.5,199.219,222.656,35.156,93.75,187.5,-96.45,-59.54,3.482,31.42,23.18,3,
PHR,2021,Whoop,0.0893,0.0684,210.938,257.812,398.438,445.312,480.469,187.5,269.531,433.594,-96.72,-67.12,4.557,32.192,20.17,0,1
PHR,2021,Whoop,0.1376,0.0855,199.219,304.688,351.562,433.594,550.781,128.906,351.562,339.844,-83.89,-53.28,5.062,138.027,19.74,0,5
PHR,2021,Whoop,0.1422,0.0599,175.781,199.219,234.375,281.25,328.125,82.031,152.344,234.375,-85.44,-53.03,4.029,113.371,23.33,0,5
PHR,2021,Whoop,0.1873,0.0941,82.031,152.344,187.5,199.219,234.375,46.875,152.344,187.5,-87.49,-52.61,3.811,88.891,22.45,0,2
PHR,2021,Whoop,0.1895,0.0941,70.312,199.219,234.375,257.812,292.969,58.594,222.656,234.375,-93.85,-59.97,3.888,42.446,24.4,0,3
PHR,2021,Whoop,0.1843,0.0855,117.188,175.781,199.219,222.656,257.812,46.875,140.625,210.938,-90.14,-54.67,3.759,66.111,24.2,0,4
PHR,2021,Whoop,0.1616,0.0684,199.219,257.812,328.125,386.719,527.344,128.906,328.125,375,-84.93,-55.02,4.865,116.474,25.2,0,5
PHR,2021,Whoop,0.1253,0.0599,152.344,222.656,281.25,339.844,398.438,117.188,246.094,351.562,-85.1,-55.81,4.758,118.443,25.02,0,1
RI,2020,Croak,0.1777,0.1112,11.719,175.781,187.5,210.938,292.969,35.156,281.25,187.5,-98.36,-62.57,3.858,24.971,23.98,0,
RI,2020,Croak,0.4735,0.3335,117.188,234.375,292.969,316.406,468.75,82.031,351.562,292.969,-91.25,-55.38,4.745,57.756,20.69,0,
RI,2020,Growl,0.7461,0.573,23.438,175.781,222.656,281.25,339.844,105.469,316.406,199.219,-102.66,-67.73,4.67,15.478,27.78,0,
RI,2020,Growl,1.8263,1.5736,0,128.906,187.5,222.656,304.688,93.75,304.688,187.5,-102.57,-66.37,4.514,15.549,26.34,0,
RI,2020,Growl,3.1164,2.1124,128.906,199.219,222.656,257.812,375,58.594,246.094,257.812,-103.65,-62.25,4.471,13.765,28.23,0,
RI,2020,Growl,2.6866,0.9835,140.625,246.094,281.25,304.688,375,58.594,234.375,316.406,-93.34,-50.2,4.148,45.151,26.11,0,
RI,2020,Growl,0.5439,0.2395,175.781,257.812,292.969,304.688,339.844,46.875,164.062,304.688,-84.73,-43.98,3.874,122.073,23.96,0,
RI,2020,Growl,3.9926,3.3781,128.906,222.656,269.531,292.969,328.125,70.312,199.219,292.969,-95.44,-52.43,4.229,35.46,22.61,0,
RI,2020,Growl,0.7033,0.4704,117.188,222.656,269.531,304.688,433.594,82.031,316.406,292.969,-89.39,-55.59,4.7,71.038,20.76,0,
RI,2020,GrowlRumbleWhoop,2.6023,2.2492,93.75,128.906,199.219,234.375,316.406,105.469,222.656,117.188,-98.31,-59.18,4.503,25.483,24.52,0,
RI,2020,Growl,0.5084,0.3335,117.188,234.375,292.969,316.406,468.75,82.031,351.562,292.969,-91.48,-55.23,4.747,55.748,21.28,0,
RI,2020,Whoop,0.1495,0.0855,128.906,152.344,175.781,199.219,222.656,46.875,93.75,199.219,-98.36,-63.83,3.584,25.031,24.49,0,1
RI,2020,Whoop,0.1498,0.0684,152.344,175.781,187.5,199.219,222.656,23.438,70.312,187.5,-84.2,-47.4,2.833,127.466,21.47,0,3
RI,2020,Whoop,0.2219,0.1368,175.781,234.375,292.969,316.406,351.562,82.031,175.781,316.406,-81.36,-46.2,4.301,180.301,20.9,0,3
RI,2020,Whoop,0.1192,0.077,82.031,117.188,164.062,292.969,328.125,175.781,246.094,292.969,-95.6,-64.9,4.436,35.195,21.89,0,3
RI,2020,GrowlRumbleWhoop,2.5379,2.2492,128.906,164.062,234.375,304.688,492.188,140.625,363.281,175.781,-90.38,-46.88,4.981,63.541,21.36,0,1
RI,2020,MoanGrowlRumbleWhoop,1.8948,0.7953,117.188,152.344,175.781,210.938,304.688,58.594,187.5,164.062,-91.88,-46.63,4.065,53.349,25.13,5,1
RI,2020,MoanGrowlRumbleWhoop,3.1966,2.7709,0,23.438,140.625,199.219,480.469,175.781,480.469,164.062,-102.57,-59.85,4.853,15.604,26.32,3,1
RI,2020,MoanGrowlWhoop,0.7888,0.5901,58.594,128.906,187.5,246.094,304.688,117.188,246.094,140.625,-87.67,-49.75,4.538,86.657,21.37,6,
RI,2020,Croak,0.2744,0.1454,175.781,187.5,199.219,234.375,257.812,46.875,82.031,187.5,-87.04,-49.91,3.011,93.186,20.83,0,
RI,2020,Croak,0.2374,0.1026,175.781,187.5,199.219,234.375,246.094,46.875,70.312,187.5,-87.81,-50.56,3.136,85.692,21.95,0,
RI,2020,Croak,0.117,0.0684,164.062,187.5,199.219,246.094,269.531,58.594,105.469,199.219,-95.75,-61.89,3.441,34.652,22.88,0,
RI,2020,Croak,0.3784,0.2395,93.75,152.344,292.969,316.406,363.281,164.062,269.531,304.688,-95.68,-59.74,4.429,34.436,21.93,0,
RI,2020,Growl,0.6058,0.3592,175.781,257.812,281.25,316.406,503.906,58.594,328.125,257.812,-99.52,-63.68,4.512,22.197,23.91,0,
RI,2020,Croak,0.2735,0.171,58.594,210.938,222.656,316.406,433.594,105.469,375,222.656,-85.21,-49.63,4.226,115.165,18.61,0,
RI,2020,Croak,0.234,0.1283,117.188,222.656,234.375,257.812,339.844,35.156,222.656,234.375,-92.46,-54.97,3.85,49.663,20.96,0,
RI,2020,Croak,0.3468,0.2651,82.031,93.75,128.906,210.938,468.75,117.188,386.719,105.469,-102.17,-67.84,4.58,16.256,24.18,0,
RI,2020,Croak,0.4425,0.3164,82.031,199.219,281.25,316.406,421.875,117.188,339.844,304.688,-102.46,-65.29,4.855,15.857,25.43,0,
RI,2020,Growl,6.6022,3.6432,105.469,199.219,257.812,304.688,351.562,105.469,246.094,222.656,-101.46,-59.87,4.606,17.732,20.97,0,
RI,2020,Growl,3.6608,3.3353,152.344,175.781,187.5,199.219,304.688,23.438,152.344,187.5,-93.05,-55.16,3.47,46.658,19.64,0,
RI,2020,Growl,1.5549,0.8124,105.469,175.781,199.219,222.656,246.094,46.875,140.625,175.781,-94.45,-55.29,3.708,39.765,23.1,0,
RI,2020,Growl,2.7795,2.4202,152.344,164.062,175.781,222.656,257.812,58.594,105.469,175.781,-92.77,-56.68,3.328,48.225,18.7,0,
RI,2020,Growl,3.9149,3.1728,105.469,187.5,234.375,269.531,609.375,82.031,503.906,246.094,-105.23,-70.26,4.817,11.482,26.37,0,
RI,2020,Growl,3.9972,3.5149,140.625,175.781,222.656,246.094,339.844,70.312,199.219,246.094,-103.17,-60.21,4.286,14.568,25.43,0,
RI,2020,Growl,2.846,2.3091,222.656,292.969,363.281,445.312,550.781,152.344,328.125,328.125,-91.02,-52.95,5.126,58.973,18.85,0,
RI,2020,Growl,3.2752,2.8136,222.656,234.375,375,445.312,527.344,210.938,304.688,421.875,-89.64,-52.04,4.623,69.158,18.03,0,
RI,2020,Growl,3.3634,2.9505,82.031,164.062,187.5,222.656,316.406,58.594,234.375,164.062,-101.3,-60.89,4.426,18.082,24.81,0,
RI,2020,Growl,3.1239,2.7965,199.219,222.656,246.094,363.281,492.188,140.625,292.969,222.656,-104.94,-67.91,4.581,11.882,25.16,0,
RI,2020,Growl,2.4081,2.0268,199.219,246.094,292.969,386.719,527.344,140.625,328.125,234.375,-104.66,-66.1,4.901,12.249,25.91,0,
RI,2020,Growl,0.6346,0.4447,70.312,222.656,246.094,363.281,433.594,140.625,363.281,234.375,-86.39,-51.06,4.64,100.412,18.54,0,
RI,2020,Growl,2.3188,1.9413,175.781,210.938,222.656,339.844,410.156,128.906,234.375,199.219,-98.68,-56.8,4.116,24.403,22.93,0,
RI,2020,Growl,0.6179,0.3506,175.781,257.812,281.25,316.406,503.906,58.594,328.125,257.812,-99.64,-63.69,4.518,21.986,24.08,0,
RI,2020,Growl,3.0302,2.6426,164.062,281.25,421.875,480.469,656.25,199.219,492.188,433.594,-106.53,-73.09,5.35,9.882,26.03,0,
RI,2020,Growl,0.7828,0.5302,210.938,234.375,304.688,421.875,527.344,187.5,316.406,433.594,-97.42,-61.96,4.775,28.314,21.3,0,
RI,2020,Growl,0.8575,0.4533,187.5,222.656,246.094,304.688,433.594,82.031,246.094,222.656,-98.5,-62.09,4.106,25.017,23.24,0,
RI,2020,Moan,0.4426,0.3506,35.156,46.875,82.031,93.75,269.531,46.875,234.375,46.875,-102.69,-70.09,3.847,15.44,25.28,7,
RI,2020,Moan,0.2769,0.2052,35.156,82.031,105.469,128.906,234.375,46.875,199.219,117.188,-94.82,-60.73,3.832,37.901,20.85,7,
RI,2020,Moan,0.6785,0.5901,23.438,58.594,82.031,117.188,820.312,58.594,796.875,93.75,-109.77,-76.19,4.524,6.868,27.89,3,
RI,2020,Whoop,0.1277,0.0684,164.062,187.5,199.219,269.531,421.875,82.031,257.812,187.5,-92.18,-58.03,4.035,51.713,21.7,0,5
RI,2020,Whoop,0.1431,0.0428,316.406,351.562,363.281,398.438,656.25,46.875,339.844,363.281,-91.75,-57.29,4.194,54.645,24.98,0,1
RI,2020,Whoop,0.0982,0.0599,199.219,234.375,257.812,281.25,375,46.875,175.781,257.812,-86.56,-53.76,3.895,96.553,19.04,0,4
RI,2020,Whoop,0.1021,0.0513,187.5,257.812,281.25,304.688,386.719,46.875,199.219,292.969,-89.64,-57.86,4.24,66.579,20.34,0,4
RI,2020,Whoop,0.0999,0.0599,175.781,234.375,257.812,281.25,339.844,46.875,164.062,257.812,-81.84,-49.36,3.889,165.331,17.52,0,7
RI,2020,Whoop,0.121,0.0599,164.062,199.219,281.25,339.844,421.875,140.625,257.812,187.5,-82.18,-51.18,4.676,162.81,21.28,0,2
RI,2020,Whoop,0.1181,0.0599,105.469,175.781,304.688,339.844,457.031,164.062,351.562,316.406,-80.08,-47.89,4.756,209.748,21.66,0,1
RI,2020,Whoop,0.1053,0.0599,164.062,199.219,222.656,269.531,363.281,70.312,199.219,199.219,-87.12,-54.6,4.221,95.046,19.99,0,5
RI,2020,Whoop,0.1189,0.077,152.344,187.5,199.219,292.969,363.281,105.469,210.938,187.5,-85.64,-52.41,4.141,109.961,18.6,0,4
RI,2020,Whoop,0.0974,0.0684,140.625,199.219,257.812,292.969,339.844,93.75,199.219,269.531,-89,-59.4,4.329,74.162,18.44,0,2
RI,2020,Whoop,0.1001,0.0684,175.781,199.219,222.656,257.812,304.688,58.594,128.906,199.219,-91.57,-59.21,3.846,55.088,19.72,0,2
RI,2020,Whoop,0.1236,0.0855,128.906,164.062,187.5,222.656,269.531,58.594,140.625,164.062,-101.38,-68.52,4.07,18.269,23.39,0,5
RI,2020,Whoop,0.0832,0.0599,164.062,187.5,210.938,234.375,269.531,46.875,105.469,210.938,-94.05,-62.48,3.674,42.835,19.94,0,2
RI,2020,Whoop,0.0739,0.0513,175.781,199.219,363.281,410.156,503.906,210.938,328.125,187.5,-89.69,-60.12,4.732,70.941,19.68,0,5
RI,2020,Whoop,0.089,0.0599,175.781,222.656,328.125,597.656,679.688,375,503.906,222.656,-89.59,-60.94,5.179,68.45,18.11,0,5
RI,2020,Whoop,0.105,0.0684,175.781,210.938,281.25,339.844,667.969,128.906,492.188,222.656,-88.03,-56.89,4.736,85.705,20.21,0,5
RI,2020,Whoop,0.1686,0.0941,257.812,339.844,433.594,585.938,632.812,246.094,375,621.094,-92.86,-61.48,5.038,47.007,21.26,0,3
RI,2020,Whoop,0.1109,0.0684,164.062,234.375,246.094,269.531,386.719,35.156,222.656,246.094,-90.05,-56.42,4.162,66.08,20.16,0,2
RI,2020,Whoop,0.164,0.077,187.5,234.375,257.812,339.844,503.906,105.469,316.406,234.375,-98.69,-63.87,4.392,24.385,24.67,0,2
RI,2020,Whoop,0.1361,0.0684,175.781,199.219,234.375,292.969,421.875,93.75,246.094,187.5,-93.99,-61.03,4.207,41.989,24.58,0,5
RI,2021,GrowlRumbleWhoop,4.4727,3.8912,93.75,175.781,234.375,292.969,503.906,117.188,410.156,164.062,-107.77,-67.29,5.048,8.568,28.68,0,
RI,2021,MoanWhoop,1.3487,1.1374,35.156,105.469,164.062,339.844,539.062,234.375,503.906,351.562,-105.06,-66.61,5.177,11.702,27.35,2,
RI,2021,MoanGrowlRumbleWhoop,2.6876,2.4459,70.312,234.375,363.281,457.031,597.656,222.656,527.344,550.781,-106.45,-66.33,5.535,9.989,27.27,3,
RI,2021,MoanGrowl,4.2694,2.6084,70.312,257.812,375,398.438,503.906,140.625,433.594,375,-102.49,-62.07,4.807,15.754,25.6,3,
RI,2021,GrowlRumble,1.5967,1.2058,46.875,128.906,234.375,269.531,410.156,140.625,363.281,269.531,-105.51,-69.39,4.96,11.128,25.96,0,
RI,2021,GrowlRumbleWhoop,1.3041,1.069,93.75,105.469,199.219,234.375,386.719,128.906,292.969,105.469,-106.04,-66.64,4.627,10.453,26.48,0,
RI,2021,MoanGrowl,3.6297,3.3524,70.312,93.75,328.125,375,468.75,281.25,398.438,93.75,-98.02,-61.33,4.892,26.323,23.42,6,
RI,2021,MoanWhoop,3.2826,2.5998,35.156,46.875,82.031,128.906,410.156,82.031,375,58.594,-106.56,-64.91,4.455,9.856,26.03,5,
RI,2021,Croak,0.5859,0.4276,93.75,222.656,257.812,281.25,351.562,58.594,257.812,269.531,-99.51,-61.65,4.391,22.276,24.29,0,
RI,2021,Croak,0.4404,0.3677,0,35.156,339.844,738.281,937.5,703.125,937.5,0,-117.38,-84.71,5.872,2.85,29.11,0,
RI,2021,Croak,0.4014,0.2908,93.75,257.812,304.688,351.562,492.188,93.75,398.438,363.281,-104.56,-69.63,4.821,12.423,25.43,0,
RI,2021,Croak,0.5279,0.3164,105.469,281.25,339.844,363.281,410.156,82.031,304.688,363.281,-105.17,-66.71,4.528,11.597,26.62,0,
RI,2021,Croak,0.3299,0.1368,175.781,187.5,222.656,246.094,339.844,58.594,164.062,187.5,-94.71,-58.19,3.636,38.328,22.74,0,
RI,2021,Croak,0.3024,0.1967,175.781,222.656,304.688,316.406,351.562,93.75,175.781,316.406,-99.83,-65.5,3.986,21.579,24.37,0,
RI,2021,Croak,0.5279,0.2993,140.625,210.938,246.094,316.406,375,105.469,234.375,234.375,-97.16,-63.45,4.476,29.169,22.82,0,
RI,2021,Croak,0.2365,0.1454,105.469,152.344,246.094,292.969,398.438,140.625,292.969,246.094,-97.32,-64.43,4.608,28.793,23.03,0,
RI,2021,Croak,0.3904,0.2224,58.594,210.938,222.656,292.969,351.562,82.031,292.969,222.656,-98.66,-61.41,3.821,24.368,21.96,0,
RI,2021,Growl,1.8169,1.5992,11.719,175.781,234.375,246.094,386.719,70.312,375,234.375,-103.35,-64.05,4.403,14.291,25.2,0,
RI,2021,Growl,0.5956,0.4276,93.75,222.656,257.812,281.25,351.562,58.594,257.812,269.531,-99.57,-61.71,4.389,22.103,24.37,0,
RI,2021,Growl,1.5117,0.5901,105.469,199.219,222.656,281.25,328.125,82.031,222.656,281.25,-100.01,-60.82,4.29,20.97,25.93,0,
RI,2021,Growl,1.4297,1.0519,93.75,210.938,257.812,351.562,503.906,140.625,410.156,363.281,-107.2,-73.04,5.08,9.153,26.58,0,
RI,2021,Growl,2.669,2.2663,93.75,269.531,316.406,363.281,597.656,93.75,503.906,304.688,-104.94,-69.32,5.07,11.874,26.14,0,
RI,2021,Growl,3.2107,2.8051,93.75,234.375,316.406,363.281,527.344,128.906,433.594,339.844,-106.6,-67.83,5.114,9.822,25.35,0,
RI,2021,Growl,0.6139,0.3335,210.938,246.094,304.688,328.125,363.281,82.031,152.344,304.688,-96.14,-58.91,3.935,32.555,21.53,0,
RI,2021,Growl,3.0669,2.6854,11.719,199.219,222.656,316.406,386.719,117.188,375,210.938,-106.99,-71.29,4.614,9.378,26.35,0,
RI,2021,Growl,3.6484,2.8906,11.719,210.938,316.406,351.562,503.906,140.625,492.188,339.844,-106.06,-62.46,4.728,10.439,26.56,0,
RI,2021,Growl,2.7186,2.292,187.5,210.938,281.25,386.719,574.219,175.781,386.719,210.938,-104.47,-67.17,5.159,12.54,26.05,0,
RI,2021,Growl,3.7454,3.0531,164.062,210.938,234.375,257.812,351.562,46.875,187.5,222.656,-101.04,-65.78,4.186,18.614,23.47,0,
RI,2021,Growl,1.3173,0.3763,175.781,210.938,222.656,234.375,328.125,23.438,152.344,222.656,-98.09,-54.75,3.595,26.125,25.81,0,
RI,2021,Growl,0.6328,0.2993,140.625,210.938,246.094,316.406,375,105.469,234.375,234.375,-97.9,-63.42,4.5,26.696,23.77,0,
RI,2021,Moan,0.5193,0.3848,35.156,70.312,93.75,199.219,820.312,128.906,785.156,70.312,-109.45,-74.19,4.777,7.029,28.27,7,
RI,2021,Moan,0.3597,0.2822,35.156,70.312,105.469,140.625,750,70.312,714.844,105.469,-106.51,-73.93,4.497,9.858,26.33,7,
RI,2021,Moan,0.2833,0.1625,35.156,70.312,93.75,117.188,246.094,46.875,210.938,105.469,-102.82,-67,3.958,15.135,26.43,6,
RI,2021,Moan,0.3378,0.2138,46.875,58.594,82.031,93.75,164.062,35.156,117.188,82.031,-104,-68.75,3.443,13.31,26.63,6,
RI,2021,Rumble,1.1627,1.0605,35.156,70.312,93.75,152.344,445.312,82.031,410.156,93.75,-106.55,-73.55,4.426,9.879,26.45,0,
RI,2021,Whoop,0.1636,0.0941,105.469,164.062,187.5,199.219,316.406,35.156,210.938,187.5,-102.57,-66.87,3.964,15.578,24.55,0,3
RI,2021,Whoop,0.1226,0.077,82.031,164.062,187.5,234.375,339.844,70.312,257.812,187.5,-106.35,-72.99,4.383,10.337,26.3,0,3
RI,2021,Whoop,0.1299,0.0513,234.375,281.25,339.844,386.719,433.594,105.469,199.219,398.438,-90.93,-59.99,4.527,59.21,21.87,0,7
RI,2021,Whoop,0.1561,0.0684,234.375,292.969,375,421.875,574.219,128.906,339.844,386.719,-88.85,-57.67,4.912,75.185,21.72,0,7
RI,2021,Whoop,0.1669,0.0941,210.938,292.969,375,421.875,632.812,128.906,421.875,375,-90.6,-58.87,5.109,61.072,20.5,0,7
RI,2021,Whoop,0.1605,0.1026,246.094,316.406,351.562,410.156,468.75,93.75,222.656,421.875,-87.81,-56.83,4.426,85.938,19.09,0,3
RI,2021,Whoop,0.1205,0.0513,234.375,292.969,328.125,351.562,457.031,58.594,222.656,328.125,-94.66,-61.76,4.404,40.003,25.18,0,1
RI,2021,Whoop,0.1143,0.0599,175.781,222.656,246.094,281.25,609.375,58.594,433.594,234.375,-95.04,-61.74,4.42,37.999,22.45,0,2
RI,2021,Whoop,0.0995,0.0599,164.062,199.219,210.938,246.094,304.688,46.875,140.625,210.938,-100.08,-67.19,3.893,20.401,23.43,0,1
RI,2021,Whoop,0.0682,0.0513,175.781,234.375,281.25,363.281,445.312,128.906,269.531,281.25,-101.89,-73.41,4.795,17.155,22.94,0,6
RI,2021,Whoop,0.092,0.0684,199.219,234.375,281.25,375,433.594,140.625,234.375,246.094,-100.79,-70.44,4.614,19.504,23.41,0,6
RI,2021,Whoop,0.1085,0.0684,210.938,257.812,363.281,421.875,503.906,164.062,292.969,246.094,-98.2,-68.12,4.881,26.132,22.65,0,6
RI,2021,Whoop,0.1351,0.0513,140.625,187.5,199.219,210.938,234.375,23.438,93.75,199.219,-90.78,-55.7,3.344,61.052,23,0,1
RI,2021,Whoop,0.2027,0.0941,128.906,164.062,187.5,210.938,316.406,46.875,187.5,175.781,-97.62,-62.61,3.941,27.196,23.21,0,1
RI,2021,Whoop,0.0882,0.0513,128.906,210.938,257.812,316.406,386.719,105.469,257.812,246.094,-100.01,-69.68,4.687,21.642,22.81,0,3
RI,2021,Whoop,0.1235,0.0599,210.938,246.094,269.531,351.562,433.594,105.469,222.656,246.094,-99.72,-67.23,4.491,22.095,24.23,0,3
RI,2021,Whoop,0.1588,0.0941,222.656,292.969,339.844,433.594,574.219,140.625,351.562,316.406,-91.97,-61.96,5.049,52.068,20.05,0,3
RI,2021,Whoop,0.1095,0.0513,257.812,316.406,398.438,445.312,539.062,128.906,281.25,421.875,-93.65,-63.68,4.882,43.919,21.12,0,3
RI,2021,Whoop,0.1361,0.077,210.938,281.25,351.562,398.438,562.5,117.188,351.562,375,-90.12,-59.37,4.914,65.611,18.83,0,7
RI,2021,Whoop,0.11,0.0684,199.219,234.375,281.25,363.281,492.188,128.906,292.969,246.094,-102.65,-71.03,4.685,15.921,24.93,0,6